2019-01-06 23:26:52,https://t.co/SQ4w9JJvlo,[]
2019-01-06 23:26:33,RT Update from Rosie,['Rosie']
2019-01-06 22:00:58,https://t.co/EuJSlHTTok,[]
2019-01-06 21:53:49,RT Update from Rosie,['Rosie']
2019-01-06 21:12:56,Please RT Veteran Missing since 0700hrs 05/01/18 in Renfrew. Report any sightings on 101.details below https://t.co/v6QmZ4W0d7,"['Please', 'Veteran Missing', 'Renfrew']"
2019-01-06 20:37:05,RT Update from Rosie,['Rosie']
2019-01-06 20:35:10,RT Update from Rosie,['Rosie']
2019-01-06 20:32:18,RT Update from Rosie,['Rosie']
2019-01-06 20:24:48,https://t.co/N9XIGGfPB3,[]
2019-01-06 20:15:46,He's been doing it for years for soâ€¦ https://t.co/5WLVV5sTPD,[]
2019-01-06 20:13:34,RT Update from Rosie,['Rosie']
2019-01-06 20:13:15,RT Update from Rosie,['Rosie']
2019-01-06 20:08:19,RT Update from Rosie,['Rosie']
2019-01-06 20:07:36,RT Update from Rosie,['Rosie']
2019-01-06 20:04:44,Update from Rosie https://t.co/2lSSEHlIbS,"['Update', 'Rosie']"
2019-01-06 20:01:51,Once a Always A We Will Win this 1 !,[]
2019-01-06 19:53:08,RT Tickets are still available for our massive match against at a week today. ğŸŸ Sâ€¦,[]
2019-01-06 19:48:21,RT Tickets are still available for our massive match against at a week today. ğŸŸ Sâ€¦,[]
2019-01-06 19:47:57,RT Tickets are still available for our massive match against at a week today. ğŸŸ Sâ€¦,[]
2019-01-06 18:46:24,RT ğŸ’šâšªï¸ win again! The Italian side down in a sizzling game for their fourth victory on theâ€¦,['Italian']
2019-01-06 18:43:41,RT WOTM | Is your of the Month for December? VOTE NOW â¡ï¸ https://t.co/AmIeVgCvHJ https:â€¦,['Month']
2019-01-06 18:41:42,But not with Hastings at 10 please. He needs a rest,['Hastings']
2019-01-06 18:20:33,"I wish, after xmas and my mum's 60th and my son's birâ€¦ https://t.co/SYDzQ1RRlP",[]
2019-01-06 18:17:57,RT ğŸ‰ FT in and have beaten Conference A leaders That's Benetton's 4th win in aâ€¦,['Benetton']
2019-01-06 18:05:09,"We will be there as always, and will be cheering the WARRIORS on, butâ€¦ https://t.co/rLmEsxQbxg",['WARRIORS']
2019-01-06 17:53:32,Nah I'll give this one a miss,[]
2019-01-06 17:48:00,You heading up to for it?,[]
2019-01-06 17:37:12,RT Is a potential golden generation in the offing for &amp; Last night's fiâ€¦,[]
2019-01-06 17:33:53,RT Tickets are still available for our massive match against at a week today. ğŸŸ Sâ€¦,[]
2019-01-06 17:31:33,RT Tickets are still available for our massive match against at a week today. ğŸŸ Sâ€¦,[]
2019-01-06 17:22:03,RT Is a potential golden generation in the offing for &amp; Last night's fiâ€¦,[]
2019-01-06 17:06:51,RT Match Report ğŸ“° | Benetton Rugby 20-17 | https://t.co/O1kjkq0R7E https://t.co/Czgi7ErHnh,"['Match Report', 'Benetton Rugby']"
2019-01-06 16:36:25,It's good to see Benetton doing great,['Benetton']
2019-01-06 16:24:33,"Kevin, I did something similar for 2016 (obviously tâ€¦ https://t.co/ESC0Yvi5u0",['Kevin']
2019-01-06 16:18:46,RT Is a potential golden generation in the offing for &amp; Last night's fiâ€¦,[]
2019-01-06 15:36:55,RT Is a potential golden generation in the offing for &amp; Last night's fiâ€¦,[]
2019-01-06 15:30:33,RT Is a potential golden generation in the offing for &amp; Last night's fiâ€¦,[]
2019-01-06 15:18:32,RT Is a potential golden generation in the offing for &amp; Last night's fiâ€¦,[]
2019-01-06 14:59:10,Is a potential golden generation in the offing for &amp; Last night'â€¦ https://t.co/aDIa3UUN6d,[]
2019-01-06 14:13:09,RT After another busy round of derby action here's the top of Conference A as the Championship takes a break for Europe Next,"['Conference', 'Championship', 'Europe Next']"
2019-01-06 13:32:22,RT ğŸ“¸ Match action from todayâ€™s tough defeat in ğŸ‡®ğŸ‡¹ https://t.co/KfHqap59F5,[]
2019-01-06 12:55:04,RT Rory Hughes of knows how tough it is growing up in less fortunate areas.This is fantastic initiativeâ€¦,[]
2019-01-06 12:37:28,RT ğŸ’šâšªï¸ have just moved up to second in Conference B ğŸ’ª They did it by beating - here's ourâ€¦,['Conference']
2019-01-06 12:36:31,Hahaha spot on my friend ğŸ˜‚ğŸ˜‚,['Hahaha']
2019-01-06 12:34:10,I guess we can't have it all ğŸ¤”ğŸ˜‚,[]
2019-01-06 12:29:23,"I can't see it being on telly anywhere so I'm not sure, willâ€¦ https://t.co/ZgXwRITHTz",[]
2019-01-06 12:27:39,I wonder if the game will be shown at Clubhouse?,['Clubhouse']
2019-01-06 11:43:51,RT ğŸ“¸ Match action from todayâ€™s tough defeat in ğŸ‡®ğŸ‡¹ https://t.co/KfHqap59F5,[]
2019-01-06 11:35:14,RT Defeat in for the https://t.co/hoGKUQJzCM,[]
2019-01-06 11:26:18,RT ğŸ“¸ Match action from todayâ€™s tough defeat in ğŸ‡®ğŸ‡¹ https://t.co/KfHqap59F5,[]
2019-01-06 11:11:15,RT ğŸ“¸ Match action from todayâ€™s tough defeat in ğŸ‡®ğŸ‡¹ https://t.co/KfHqap59F5,[]
2019-01-06 11:08:39,It's back to the and a trip to vs Nothing but a BP victoryâ€¦ https://t.co/iK0INP5vAY,[]
2019-01-06 10:57:24,3rd place at end of the season would be imâ€¦ https://t.co/e85pyYfU4n,[]
2019-01-06 10:45:00,RT What a Special Win!ğŸ¦ğŸ‰ğŸ‰ Unreal effort from the boys tonight against ğŸ™ğŸ¼Top shift from Capitano,"['Special Win', 'Capitano']"
2019-01-06 10:26:00,RT ğŸ’šâšªï¸ win again! The Italian side down in a sizzling game for their fourth victory on theâ€¦,['Italian']
2019-01-06 10:16:19,Well done Benetton Treviso.,['Benetton Treviso']
2019-01-06 09:10:39,"Always knew we were never going to win, the squad depth is not professional quality.",['Always']
2019-01-06 08:51:00,RT After another busy round of derby action here's the top of Conference A as the Championship takes a break for Europe Next,"['Conference', 'Championship', 'Europe Next']"
2019-01-06 08:47:03,RT Genuine question for So you think might now be better then,[]
2019-01-06 08:46:51,RT Depends on your criteria really. Maybe they should have (2) head to heads toâ€¦,[]
2019-01-06 08:46:50,RT Genuine question for So you think might now be better then,[]
2019-01-06 08:43:16,RT now second in conference A ğŸ“‰ now second in Conference B ğŸ“ˆ https://t.co/ykZsNnZM4s,['Conference']
2019-01-06 08:39:36,RT Rory Hughes of knows how tough it is growing up in less fortunate areas.This is fantastic initiativeâ€¦,[]
2019-01-06 02:43:50,RT delighted to see on the whistle today for the v in One of the bâ€¦,[]
2019-01-06 02:36:57,"With stats like that, he was probably man of the match ğŸ˜‰",[]
2019-01-06 02:03:06,"RT ""We've got to be better"" - Rennie | Full reaction from the gaffer â¡ï¸ https://t.co/8GZ5c00hTF https://t.co/g8igrklIiC",['Rennie']
2019-01-06 01:59:13,Hard to argue with that. ğŸ‘ŒğŸ»,['Hard']
2019-01-06 00:50:01,need to become unpredictable not predictable!,[]
2019-01-06 00:29:24,RT Defeat in for the https://t.co/hoGKUQJzCM,[]
2019-01-06 00:13:49,RT ğŸ’šâšªï¸ win again! The Italian side down in a sizzling game for their fourth victory on theâ€¦,['Italian']
2019-01-06 00:11:22,Well done to National Panel Referees &amp; who were Referee andâ€¦ https://t.co/cQhS7ntS5X,"['National Panel Referees', 'Referee']"
2019-01-05 23:53:24,have been working closely with and approacâ€¦ https://t.co/HKhbpbohH2,[]
2019-01-05 23:52:02,Yet again GLASGOW donâ€™t take kicks at goal for points and lose - when will they learn?,['GLASGOW']
2019-01-05 23:39:03,After another busy round of derby action here's the top of Conference A as the Championship takes a break for Europâ€¦ https://t.co/23oQZrsbVb,"['Conference', 'Championship']"
2019-01-05 23:23:07,No shit Sherlock,[]
2019-01-05 23:02:26,RT Rory Hughes of knows how tough it is growing up in less fortunate areas.This is fantastic initiativeâ€¦,[]
2019-01-05 22:57:44,"Absolutely no game sense, no idea who was calling the shots regarding penalties, we showâ€¦ https://t.co/wnk8jf8Gig",[]
2019-01-05 22:45:35,Naw not this time.,[]
2019-01-05 22:45:14,Rugby. You need to give them a break and not expect miracle maverick Finn Russell play.,"['Rugby', 'Finn Russell']"
2019-01-05 22:44:56,"Christ almighty, going by this thread you all have a day ticket but got off at panic station!",['Christ']
2019-01-05 22:44:43,Hastings isn't awful. 3 games out of 13 doesn't make someone awful. Nairn and McDoweâ€¦ https://t.co/nxVuyoteOk,['Nairn']
2019-01-05 22:41:37,Hope you enjoyed despite the score,[]
2019-01-05 22:29:16,And then he missed the kick what no pro player should misss,[]
2019-01-05 22:11:34,RT now second in conference A ğŸ“‰ now second in Conference B ğŸ“ˆ https://t.co/ykZsNnZM4s,['Conference']
2019-01-05 22:06:23,Any more bleeding obvious for us Dave?,['Dave']
2019-01-05 22:04:12,Will make the 6N selections interesting....,[]
2019-01-05 22:02:08,"Having just watched Racing v Toulon, I canâ€™t help but think https://t.co/s2jcZLhciz",['Toulon']
2019-01-05 22:00:51,"Totally agree, is a breath of fresh air to refereeâ€¦ https://t.co/kEzqtGyzQe",[]
2019-01-05 21:55:49,Depends on your criteria really. Maybe they should have (2) head to heads to decide?,[]
2019-01-05 21:49:14,What a scalp well done Benetton,['Benetton']
2019-01-05 21:46:37,"are really struggling. Hastings will come good, but playeâ€¦ https://t.co/oktZ1r3E68",[]
2019-01-05 21:39:57,RT now second in conference A ğŸ“‰ now second in Conference B ğŸ“ˆ https://t.co/ykZsNnZM4s,['Conference']
2019-01-05 21:38:45,now second in conference A ğŸ“‰ now second in Conference B ğŸ“ˆ https://t.co/ykZsNnZM4s,['Conference']
2019-01-05 21:38:05,Rennie currently giving me indigestion instead of helping me get rid of it ğŸ¤¯,['Rennie']
2019-01-05 21:30:27,now second in conference A...honestly never thought that would happen when were so far aheâ€¦ https://t.co/T68xwNsFvF,[]
2019-01-05 21:29:14,"Yet lose, really?!?!?!?!?!",[]
2019-01-05 21:27:21,"Got a much bigger challenge on our hands, thanks to the last 3 meek performances weâ€™re now off topâ€¦ https://t.co/vvIcknLKMh",[]
2019-01-05 21:25:04,Ah well no longer top of Conf A.,['Conf']
2019-01-05 21:21:12,Hopefully the kick up tâ€¦ https://t.co/KlhYPMVsDI,[]
2019-01-05 21:17:23,Because Hastings is out of form and needs a break. We cant play him 5 straight games.â€¦ https://t.co/hoicg1TDFY,['Hastings']
2019-01-05 21:15:33,Why should Thomson have played exactly?,['Thomson']
2019-01-05 21:10:27,What a day to be a fan. Lose in win away at to top Conferenceâ€¦ https://t.co/D0ctMC0Mla,[]
2019-01-05 21:09:13,RT ğŸ’šâšªï¸ have just moved up to second in Conference B ğŸ’ª They did it by beating - here's ourâ€¦,['Conference']
2019-01-05 20:55:29,Really Dave? Think you should reimburse every travelling fan today for such a pathetic effort. Tâ€¦ https://t.co/7i37u9ia7M,['Dave']
2019-01-05 20:55:27,Genuine question for So you think might now be better then,['Genuine']
2019-01-05 20:50:18,RT Watching Benetton final score like..... https://t.co/QRkFyN01B2,['Benetton']
2019-01-05 20:49:27,RT ğŸ’šâšªï¸ have just moved up to second in Conference B ğŸ’ª They did it by beating - here's ourâ€¦,['Conference']
2019-01-05 20:38:59,...or not! ğŸ™„,[]
2019-01-05 20:38:30,Were just too predictable with our off loading game. Need to become unpredictable as teams known what'sâ€¦ https://t.co/LL681OwYQ1,[]
2019-01-05 20:23:00,Totally agree! I'm not sure why Thomson isn't getting more opportunity!,['Thomson']
2019-01-05 20:21:47,We've lost our mojo. Need to find it quick or there is a real danger we wont be at the business end of the tournament.,[]
2019-01-05 20:20:08,Have we forgotten how to play rugby? Isnâ€™t that 3 defeats on the bounce ğŸ¤¦ğŸ»â€â™‚ï¸,[]
2019-01-05 20:18:15,"Aye, the lucky ğŸ€ mascots? ğŸ˜±",['Aye']
2019-01-05 20:18:05,This makes very ugly and unhappy reading as a supporter. The 9 and 10 roles (parâ€¦ https://t.co/D6un2hQpqx,[]
2019-01-05 20:14:44,Saw better commitment at a local game this afternoon. Grim affair Dave &amp; co.,"['Grim', 'Dave']"
2019-01-05 20:09:59,"only plays one game and every team in the competition knows that now, so they are lockingâ€¦ https://t.co/TbYiCn8Unu",[]
2019-01-05 20:06:08,Come on our could do with you winning this week one. https://t.co/pBozvaTL9p,[]
2019-01-05 19:58:53,"RT ""We've got to be better"" - Rennie | Full reaction from the gaffer â¡ï¸ https://t.co/8GZ5c00hTF https://t.co/g8igrklIiC",['Rennie']
2019-01-05 19:55:48,Aah remember when used to play like that,['Aah']
2019-01-05 19:52:04,Quite the understatement Dave. Are we holding back for Europe?,['Europe']
2019-01-05 19:51:30,RT Fans have much higher expectations of these days so disappointing to have 3 losses in a row as willing them toâ€¦,[]
2019-01-05 19:51:26,"Was in a bad mood after the woeful display from , bit undoing it in less than 12 mins .... :)",['Was']
2019-01-05 19:50:52,Iâ€™m a die hard ST member &amp; always will be but the current performance is really hard to take!,[]
2019-01-05 19:50:27,"Sadly, stats count for nothing.",[]
2019-01-05 19:49:39,Trying the new Gin from 10/10. Better score than we managed today https://t.co/rrxzoEW9tA,[]
2019-01-05 19:44:38,Are the old ?,[]
2019-01-05 19:41:20,"showing how you should start a match, you after 3 mins! ğŸ‘Œ",[]
2019-01-05 19:39:41,How the hell do you lose a game with those stats??? Not sure I want to watch oâ€¦ https://t.co/4XbTYWRCUO,[]
2019-01-05 19:36:45,Fingers crossed can get the win against to make up for the woeful https://t.co/VjEHDHOaID,[]
2019-01-05 19:35:53,May put my warriors top scarf and hat up the loft with the Christmas decorations,['Christmas']
2019-01-05 19:34:48,The other issues is that this 2nd string were more than a match for aâ€¦ https://t.co/Dh1Fnuu347,[]
2019-01-05 19:31:04,We seem to have totally lost our cutting edge where is the team who were scoring bonus pâ€¦ https://t.co/dGkceoyg14,[]
2019-01-05 19:23:49,This is simple. are a one trick pony. Hastings is not good enough at the moment. The forwaâ€¦ https://t.co/2LD2zi6HUH,[]
2019-01-05 19:16:21,Yep absolute rubbish last 3 games should change team name to glasgow washer women,['Yep']
2019-01-05 19:14:41,RT Defeat in for the https://t.co/hoGKUQJzCM,[]
2019-01-05 19:12:32,Last 3 games have been a complete embarrassment itâ€™s like watching a completely different team,[]
2019-01-05 19:11:13,Come on Keep top of Conf. A plz.,"['Keep', 'Conf']"
2019-01-05 19:09:32,RT ğŸ‰ FT in and have beaten Conference A leaders That's Benetton's 4th win in aâ€¦,['Benetton']
2019-01-05 19:06:28,Disagree. We played a 1st team and it was the coaching staff who selected Hastings at 10 when Thomson should have played.,"['Disagree', 'Hastings', 'Thomson']"
2019-01-05 19:05:22,"RT Robbie Narin given 54 minutes for today, but didnâ€™t showcase much of anything other than two knock-ons andâ€¦",['Robbie Narin']
2019-01-05 19:05:20,I constantly said to myself regarding the commentary tonight for on why we shouldnt take the 3 ptsâ€¦ https://t.co/IocwS7pUrQ,[]
2019-01-05 19:04:02,Is this an early April's fools?!?!? ğŸ˜,[]
2019-01-05 18:58:11,RT Here are the stats from our defeat in Treviso powered by https://t.co/ArxzF7Nn8a,['Treviso']
2019-01-05 18:58:07,RT Match Report ğŸ“° | Benetton Rugby 20-17 | https://t.co/O1kjkq0R7E https://t.co/Czgi7ErHnh,"['Match Report', 'Benetton Rugby']"
2019-01-05 18:57:51,"RT ""We've got to be better"" - Rennie | Full reaction from the gaffer â¡ï¸ https://t.co/8GZ5c00hTF https://t.co/g8igrklIiC",['Rennie']
2019-01-05 18:56:39,RT ğŸ‰ FT in and have beaten Conference A leaders That's Benetton's 4th win in aâ€¦,['Benetton']
2019-01-05 18:51:14,RT delighted to see on the whistle today for the v in One of the bâ€¦,[]
2019-01-05 18:41:41,Once again completely outplayed by the opposition and poor decision making by I thoughtâ€¦ https://t.co/E7wPCLnM0u,[]
2019-01-05 18:40:49,"A bit like in the Autumn. If you havenâ€™t been able to break down a team all game, other tâ€¦ https://t.co/YZLU8NLVo0",['Autumn']
2019-01-05 18:40:21,Another classic no shit Sherlock comment from Dave! ğŸ¤·ğŸ»â€â™€ï¸ğŸ¤¦ğŸ»â€â™€ï¸,"['Sherlock', 'Dave']"
2019-01-05 18:37:28,Do something about it then...I understand you can't coach heart or aggression but if the players dâ€¦ https://t.co/wmYwRSPPyG,[]
2019-01-05 18:36:58,Ya think!,[]
2019-01-05 18:36:26,No shit Sherlock,[]
2019-01-05 18:35:41,Thatâ€™s a given coach Rennie got to be much much much better than the last few weeks.,['Rennie']
2019-01-05 18:35:11,Own worst enemy springs to mind ğŸ˜­,[]
2019-01-05 18:33:35,RT Here are the stats from our defeat in Treviso powered by https://t.co/ArxzF7Nn8a,['Treviso']
2019-01-05 18:29:09,No f*in shit,[]
2019-01-05 18:22:45,RT What a Special Win!ğŸ¦ğŸ‰ğŸ‰ Unreal effort from the boys tonight against ğŸ™ğŸ¼Top shift from Capitano,"['Special Win', 'Capitano']"
2019-01-05 18:21:59,"Very disappointed, no respect given to Treviso by Mr Rennie. We need to be making sure of resultsâ€¦ https://t.co/QpVmw7jvkx",['Rennie']
2019-01-05 18:20:19,Kick your points. Always remember the match where they scored three triesâ€¦ https://t.co/pecSEOxbTB,['Kick']
2019-01-05 18:18:03,RT Here are the stats from our defeat in Treviso powered by https://t.co/ArxzF7Nn8a,['Treviso']
2019-01-05 18:10:28,Stats are crap,[]
2019-01-05 18:10:20,Is it???? I'd rather see there....from a fan,[]
2019-01-05 18:09:10,Nairn was poor....if you want that shirt you have to earn it!!! Maybe next time!?,['Nairn']
2019-01-05 18:06:52,Itâ€™s time for that right now!,[]
2019-01-05 18:02:24,"Was hoping would do a wee favour. Clearly, they are not taking theâ€¦ https://t.co/QG3CKzzMch",['Was']
2019-01-05 17:53:08,You tell â€˜em!,[]
2019-01-05 17:51:30,RT Watching Benetton final score like..... https://t.co/QRkFyN01B2,['Benetton']
2019-01-05 17:49:48,RT Watching Benetton final score like..... https://t.co/QRkFyN01B2,['Benetton']
2019-01-05 17:49:42,Flipping heck only seen this really are dark horsesâ€¦ https://t.co/1w25iJcAWn,[]
2019-01-05 17:39:50,RT Fans have much higher expectations of these days so disappointing to have 3 losses in a row as willing them toâ€¦,[]
2019-01-05 17:39:45,RT ğŸ’šâšªï¸ win again! The Italian side down in a sizzling game for their fourth victory on theâ€¦,['Italian']
2019-01-05 17:36:08,RT Watching Benetton final score like..... https://t.co/QRkFyN01B2,['Benetton']
2019-01-05 17:35:44,RT ğŸ’šâšªï¸ have just moved up to second in Conference B ğŸ’ª They did it by beating - here's ourâ€¦,['Conference']
2019-01-05 17:33:37,Watching Benetton final score like..... https://t.co/QRkFyN01B2,['Benetton']
2019-01-05 17:33:13,RT ğŸ’šâšªï¸ have just moved up to second in Conference B ğŸ’ª They did it by beating - here's ourâ€¦,['Conference']
2019-01-05 17:31:08,I canâ€™t believe this lack of bite. Our pack has never been the biggest. But the rugby brain was seâ€¦ https://t.co/ZGwcuPPhMI,[]
2019-01-05 17:29:01,Struggling to control games at the mo! Wrong decisions all over the place. 9&amp;10 need to be more exâ€¦ https://t.co/ny7aIiYxfD,[]
2019-01-05 17:28:58,RT What a Special Win!ğŸ¦ğŸ‰ğŸ‰ Unreal effort from the boys tonight against ğŸ™ğŸ¼Top shift from Capitano,"['Special Win', 'Capitano']"
2019-01-05 17:28:01,Heâ€™d be an automatic pick in the current slump of form.,[]
2019-01-05 17:27:41,Needs to adopt the Jim Telfer coaching approach that Doddy Weir describes in his bookâ€¦ https://t.co/acPUuVVahb,"['Jim Telfer', 'Doddy Weir']"
2019-01-05 17:26:52,He was clearly practicing as his penalty went over the bar today,[]
2019-01-05 17:26:00,RT ğŸ’šâšªï¸ win again! The Italian side down in a sizzling game for their fourth victory on theâ€¦,['Italian']
2019-01-05 17:25:17,Nah not really... they might as well give up if theyâ€™re to play like theyâ€™ve been doinâ€¦ https://t.co/lywOwyYEaD,[]
2019-01-05 17:23:13,Unbelievable that we can contrive to lose a match with those stats. Arse kicking contest required! ğŸ˜¡,[]
2019-01-05 17:19:50,RT Fabulous to see respected &amp; talented female ref Joy Neville officiating this match. Supporting in thiâ€¦,['Joy Neville']
2019-01-05 17:19:14,Thats a huge result,[]
2019-01-05 17:15:35,Highlights the absurdity in turning down 5 very kickable penalties - if we landed even 6â€¦ https://t.co/ATheXTL5rR,[]
2019-01-05 17:14:53,"Would have had a better grasp of the game, though he may be more useful at hooker giveâ€¦ https://t.co/nVJKb8eHiO",[]
2019-01-05 17:13:51,It cannot - but it shows why he wasnâ€™t starting. Also worth lâ€¦ https://t.co/0RFv7l2IT5,[]
2019-01-05 17:11:40,They need Ryan McCord at 10.,['Ryan McCord']
2019-01-05 17:07:29,"Edin illustrated how to put Hastings, Horne etc under pressuâ€¦ https://t.co/bIF7BsAExl","['Edin', 'Hastings', 'Horne']"
2019-01-05 17:07:09,Correct,['Correct']
2019-01-05 17:07:06,RT ğŸ’šâšªï¸ win again! The Italian side down in a sizzling game for their fourth victory on theâ€¦,['Italian']
2019-01-05 17:03:08,Hate to say it but that was dreadful.,['Hate']
2019-01-05 17:01:45,These stats makes this loss more bewildering,[]
2019-01-05 16:58:46,Possession doesn't make points as is plainly seen in this result.,['Possession']
2019-01-05 16:58:26,Fantastic Initiative from a top bloke ğŸ‘,"['Fantastic', 'Initiative']"
2019-01-05 16:56:50,"The thing with is that they play an exciting, attacking, counter strength game. When they aren't,â€¦ https://t.co/VqD2PgKvrm",[]
2019-01-05 16:56:18,Only one stat that counts - the final score.,[]
2019-01-05 16:56:10,RT Here are the stats from our defeat in Treviso powered by https://t.co/ArxzF7Nn8a,['Treviso']
2019-01-05 16:55:42,That is my point....since when is it acceptable to lose to Benetton??? They were betteâ€¦ https://t.co/JYV5Bz99bx,['Benetton']
2019-01-05 16:55:32,The damming stat is 20-17,[]
2019-01-05 16:54:19,Lets just lose instead shall we?? Hastings is awful...he needs to be dropped! G.Horneâ€¦ https://t.co/eJRuo92ron,[]
2019-01-05 16:53:37,"Well, another weekend another disappointing selection of results so far! can't mount an attack andâ€¦ https://t.co/HL4sqoaMe8",[]
2019-01-05 16:48:09,"Sorry donâ€™t get that , we never looked like winning mate! At any point in both games.",['Sorry']
2019-01-05 16:44:50,RT ğŸ’šâšªï¸ win again! The Italian side down in a sizzling game for their fourth victory on theâ€¦,['Italian']
2019-01-05 16:44:17,RT ğŸ’šâšªï¸ have just moved up to second in Conference B ğŸ’ª They did it by beating - here's ourâ€¦,['Conference']
2019-01-05 16:44:09,"I never said we are a bad team I said BTraviso are not a good team , also arâ€¦ https://t.co/EH1yGDOPLD",['BTraviso']
2019-01-05 16:41:35,RT ğŸ’šâšªï¸ win again! The Italian side down in a sizzling game for their fourth victory on theâ€¦,['Italian']
2019-01-05 16:37:48,RT ğŸ’šâšªï¸ have just moved up to second in Conference B ğŸ’ª They did it by beating - here's ourâ€¦,['Conference']
2019-01-05 16:37:00,RT ğŸ’šâšªï¸ win again! The Italian side down in a sizzling game for their fourth victory on theâ€¦,['Italian']
2019-01-05 16:36:28,"As did was the difference that we wanted it, but tâ€¦ https://t.co/RuYaC3PD6R",[]
2019-01-05 16:35:34,Utterly embarrassing this canâ€™t go on players just arenâ€™t good enough team selections are getting worse,[]
2019-01-05 16:35:19,Guys need to suck it up. Re calibrate and get back in the game. More on field leadership required and personal ownership.,['Guys']
2019-01-05 16:34:56,"If he's not picked for the team, he can go where he wants. All there iâ€¦ https://t.co/91ivK7Pcd4",[]
2019-01-05 16:33:55,RT What a Special Win!ğŸ¦ğŸ‰ğŸ‰ Unreal effort from the boys tonight against ğŸ™ğŸ¼Top shift from Capitano,"['Special Win', 'Capitano']"
2019-01-05 16:33:46,Think it's time shipped Adam Hastings out on loan for a bit! Far too out of his depth when it comeâ€¦ https://t.co/9P3cQ5FyBN,"['Adam Hastings', 'Far']"
2019-01-05 16:33:14,RT Rory Hughes of knows how tough it is growing up in less fortunate areas.This is fantastic initiativeâ€¦,[]
2019-01-05 16:32:59,Adam Hastings is a phenomenal fly half shame he's had a couple of weeks with bad press and some stâ€¦ https://t.co/OmN6fsAXpx,"['Adam', 'Hastings']"
2019-01-05 16:32:49,"Itâ€™s a re-run of last seasons shambolic second half of the season . Unforced errors , again and agâ€¦ https://t.co/zMFa7JPaPs",[]
2019-01-05 16:32:21,RT ğŸ’šâšªï¸ have just moved up to second in Conference B ğŸ’ª They did it by beating - here's ourâ€¦,['Conference']
2019-01-05 16:30:02,RT ğŸ’šâšªï¸ win again! The Italian side down in a sizzling game for their fourth victory on theâ€¦,['Italian']
2019-01-05 16:29:54,Don't think I said should never have holidays ever.,[]
2019-01-05 16:29:50,RT ğŸ’šâšªï¸ have just moved up to second in Conference B ğŸ’ª They did it by beating - here's ourâ€¦,['Conference']
2019-01-05 16:29:49,RT ğŸ’šâšªï¸ have just moved up to second in Conference B ğŸ’ª They did it by beating - here'b'Thursday 1/3 - Boys Basketball is at Park Ridge at 7pm &amp; Girls Basketball is HOME vs Park Ridge at 4pm \xf0\x9f\x8f\x80 #OwnitWHS\xe2\x80\xa6 https://t.co/a0b1iv0Q7V'
b'RT @HITMANWarrior23: Great turn out to training. Huge shout out 3 of the 5 starting  Sr Boys showing up! Love seeing these Warriors working\xe2\x80\xa6'
"b'Damn, 10 years on.\nDally Ms were queuing up for him in my opinion. \nRIP Sonny Fai\n139 #WARRIORNATION'"
b'C\xe2\x80\x99mon @Hendystudents! Come out tonight and support @JordanLaudato and your @HendyHoops team as they head over to cr\xe2\x80\xa6 https://t.co/N7rq21BcWT'
b'RT @HITMANWarrior23: Great turn out to training. Huge shout out 3 of the 5 starting  Sr Boys showing up! Love seeing these Warriors working\xe2\x80\xa6'
"b""Today's Events \n\nBoys Basketball vs @nshsnorthmen JV 5:15pm V 7pm\n\nCalcutt MS Boys Basketball vs Jenks MS 3:30pm\n\nC\xe2\x80\xa6 https://t.co/13Eyds9D6h"""
b'RT @HITMANWarrior23: Great turn out to training. Huge shout out 3 of the 5 starting  Sr Boys showing up! Love seeing these Warriors working\xe2\x80\xa6'
b'Prepective.  \nHate seeing people say how bad last year was. \nWe are all blessed with opportunity. \n#warriornation. https://t.co/r0GOtkSF9I'
b'Great turn out to training. Huge shout out 3 of the 5 starting  Sr Boys showing up! Love seeing these Warriors work\xe2\x80\xa6 https://t.co/zU1SKJEFTF'
b'RT @Kevin_Carroll_: #WarriorNation please consider helping Tara Lambert with her community service project. #OwnitWHS KC https://t.co/0Jlf1\xe2\x80\xa6'
b'RT @ALA_IW_Baseball: Happy New Year \xf0\x9f\x8e\x86 \xe2\x9a\xbe\xef\xb8\x8f\xf0\x9f\x8e\x87\xf0\x9f\xa5\xb3 #alawarriors #alaironwood #warriorbaseball #WarriorNation #highschoolbaseball #jrhighbaseball #w\xe2\x80\xa6'
b'RT @Kevin_Carroll_: #WarriorNation please consider helping Tara Lambert with her community service project. #OwnitWHS KC https://t.co/0Jlf1\xe2\x80\xa6'
b'Back to school; back to work! #erwinproud #warriornation @ Clyde A. Erwin High https://t.co/FRXBeE5p2d'
n for the https://t.co/hoGKUQJzCM,[]
2019-01-05 16:17:23,Embarrassing,[]
2019-01-05 16:17:15,"Yep, would have given Thompson a start too","['Yep', 'Thompson']"
2019-01-05 16:16:15,Woah - fair do's mind Benetton improved big time this season ğŸ‘,"['Woah', 'Benetton']"
2019-01-05 16:16:10,RT ğŸ’šâšªï¸ have just moved up to second in Conference B ğŸ’ª They did it by beating - here's ourâ€¦,['Conference']
2019-01-05 16:15:38,ğŸ’šâšªï¸ have just moved up to second in Conference B ğŸ’ª They did it by beating - here'sâ€¦ https://t.co/zQbRRkSicd,['Conference']
2019-01-05 16:14:40,RT Defeat in for the https://t.co/hoGKUQJzCM,[]
2019-01-05 16:14:40,Yep. You shouldn't be allowed holidays ever. Good one.,['Yep']
2019-01-05 16:14:35,Itâ€™s a third defeat in a row for - not exactly ideal preparation for twoâ€¦ https://t.co/keYJaNLPsH,[]
2019-01-05 16:13:59,Same thing happened last season too ğŸ˜³,['Same']
2019-01-05 16:13:46,Benetton v profligate suffer narrow defeat - https://t.co/g1375ItcUA,['Benetton']
2019-01-05 16:13:06,George Horne has zero impact? Adam Hastings has zero impact? Have you been watchingâ€¦ https://t.co/WFT4u5ayfs,"['George', 'Horne', 'Adam Hastings']"
2019-01-05 16:13:00,Shocking performance .... !!! Lack of leadership on the field and no physicality .. Only Sam Johnson gets pass marks,['Sam Johnson']
2019-01-05 16:12:57,2nd in their pool &amp; likely to stay there as I can't see my Ulster menâ€¦ https://t.co/05Q8mLstxL,[]
2019-01-05 16:12:17,Itâ€™s protocol to rest them. Part of their contracts. Canâ€™t just not do it!,[]
2019-01-05 16:11:13,Commenters on here need to chill out a bit. Benetton are a very good team this season especially at home.,['Benetton']
2019-01-05 16:09:22,not able to help out 3 weeks on the bounce no?,[]
2019-01-05 16:09:01,"Quite right Mary! Iâ€™ve praised both Italian teams several times this season already, this wiâ€¦ https://t.co/NOOzIu2hU6",['Italian']
2019-01-05 16:08:17,Think mayb Dave Rennie has take better decisions in the lead up though. He has more than split seconds.,"['Think', 'Dave Rennie']"
2019-01-05 16:08:08,Not a good performance from We seem to have forgotten how to win. Big game coming up next weekendâ€¦ https://t.co/fSBhK2HBsI,[]
2019-01-05 16:07:31,His missed kick canâ€™t be blamed for the dross prior to that.,[]
2019-01-05 16:07:00,RT ğŸ’šâšªï¸ win again! The Italian side down in a sizzling game for their fourth victory on theâ€¦,['Italian']
2019-01-05 16:05:41,"After the 2 defeats I was rightly, as it turned out, to be worried about this game. Theâ€¦ https://t.co/h42XdKWaku",[]
2019-01-05 16:05:37,What a surprise. Didn't we used to be good?,[]
2019-01-05 16:05:37,"Right, Dave...get in about this. Re-run of last year is just not acceptable. Today was a joke.",['Dave']
2019-01-05 16:05:19,RT ğŸ’šâšªï¸ win again! The Italian side down in a sizzling game for their fourth victory on theâ€¦,['Italian']
2019-01-05 16:05:00,RT ğŸ’šâšªï¸ win again! The Italian side down in a sizzling game for their fourth victory on theâ€¦,['Italian']
2019-01-05 16:04:03,P.s should say not a good team .,[]
2019-01-05 16:03:49,"Its was abysmal far too many school boy errors, we got bullied and out smarted by a team who frankâ€¦ https://t.co/d9MPhb2bg2",[]
2019-01-05 16:03:23,"Another poor display not clinical enough, bad decisions made . They are a good team guys . God helâ€¦ https://t.co/vVw1xEzYct",[]
2019-01-05 16:02:47,Should have started,[]
2019-01-05 16:01:11,RT ğŸ’šâšªï¸ win again! The Italian side down in a sizzling game for their fourth victory on theâ€¦,['Italian']
2019-01-05 16:01:03,"Hmmm, might need to recalculate this after today. When was the lastâ€¦ https://t.co/y60GKGnlK7",['Hmmm']
2019-01-05 16:01:00,RT ğŸ’šâšªï¸ win again! The Italian side down in a sizzling game for their fourth victory on theâ€¦,['Italian']
2019-01-05 16:00:32,Thompson missed a sitter which would have given us a draw...,['Thompson']
2019-01-05 15:59:56,afraid the passion lost. Too many passengers today. Bad team management. Still miss Strauss and nâ€¦ https://t.co/LkbKlvXGbJ,"['Bad', 'Strauss']"
2019-01-05 15:59:25,Started with Thomson instead..........,['Thomson']
2019-01-05 15:59:23,INCLUDING the supporters MUST staâ€¦ https://t.co/ulaOOfpBSX,['MUST']
2019-01-05 15:59:13,"When you have lost 2 games on the trot why the fuck are u resting your best + most experienced, ffâ€¦ https://t.co/uUdya3g042",[]
2019-01-05 15:59:01,Well this is no bloody help to at all.,[]
2019-01-05 15:58:54,Benetton full team v 2nds,['Benetton']
2019-01-05 15:58:36,"Some of the onfield decisions today were v poor, such hard watching. Iâ€¦ https://t.co/PjwQ5RDsmf",[]
2019-01-05 15:58:12,"Think there seems to be a real lack of leadership on the pitch in recent games, Wilson just doesnâ€™â€¦ https://t.co/2aByG6wCgq",['Wilson']
2019-01-05 15:58:05,Dire,['Dire']
2019-01-05 15:57:51,Fans have much higher expectations of these days so disappointing to have 3 losses in a row as wilâ€¦ https://t.co/f9ghUO8Eb4,[]
2019-01-05 15:56:35,RT ğŸ’šâšªï¸ win again! The Italian side down in a sizzling game for their fourth victory on theâ€¦,['Italian']
2019-01-05 15:56:15,RT ğŸ’šâšªï¸ win again! The Italian side down in a sizzling game for their fourth victory on theâ€¦,['Italian']
2019-01-05 15:55:53,RT ğŸ’šâšªï¸ win again! The Italian side down in a sizzling game for their fourth victory on theâ€¦,['Italian']
2019-01-05 15:55:51,RT Defeat in for the https://t.co/hoGKUQJzCM,[]
2019-01-05 15:55:26,Yet another woeful performance. Fans deserve better.,[]
2019-01-05 15:55:23,Hastings has been found out passed 3 games! We need serious cover for ten.,['Hastings']
2019-01-05 15:55:21,RT ğŸ‰ FT in and have beaten Conference A leaders That's Benetton's 4th win in aâ€¦,['Benetton']
2019-01-05 15:55:16,Bad enough losing against but what a shambles losing against an Italian side,['Italian']
2019-01-05 15:55:14,RT ğŸ’šâšªï¸ win again! The Italian side down in a sizzling game for their fourth victory on theâ€¦,['Italian']
2019-01-05 15:55:11,RT That is now 3-losses on the bounce for Hastings again with a performance below his standard and frankly,['Hastings']
2019-01-05 15:54:55,This last 3 weeks have been dreadful. We've got the opportunity for a final in and we're râ€¦ https://t.co/eanR9aiDks,[]
2019-01-05 15:54:51,And in the meantime Ali price is sightseeing in Paris with Finn Russell,"['Paris', 'Finn Russell']"
2019-01-05 15:54:36,Brilliant defensive effort from Benetton - well done.,"['Brilliant', 'Benetton']"
2019-01-05 15:54:30,What the F is going on in camp? This is not the same no passion no pride no talent. I keepâ€¦ https://t.co/JwNk6ETP2k,[]
2019-01-05 15:54:29,More â€˜right the wrongsâ€™ rhetoric to follow?,[]
2019-01-05 15:54:24,"Didnâ€™t deserve anything in the game, worrying defeats in last 3 matches. Plenty of quality, just nâ€¦ https://t.co/ikFC1qS1MI",['Didn']
2019-01-05 15:54:21,I have to say that the performances these last 3 weeks have been totally unacceptable. It's not soâ€¦ https://t.co/9C6S2h00Xd,[]
2019-01-05 15:54:16,RT That is now 3-losses on the bounce for Hastings again with a performance below his standard and frankly,['Hastings']
2019-01-05 15:54:08,Sorry but golden boy Hastings needed an experienced 10 to learn from. Same footsteps as last seasoâ€¦ https://t.co/XSwxa55Jp4,"['Sorry', 'Hastings']"
2019-01-05 15:54:05,They also carry the American pro rugby competition but iâ€¦ https://t.co/q6J0Kqp3v6,['American']
2019-01-05 15:54:00,The team selection showed a complete lack of respect! The Scottish internationals haven't earned tâ€¦ https://t.co/RgSDow6paf,['Scottish']
2019-01-05 15:53:51,RT Defeat in for the https://t.co/hoGKUQJzCM,[]
2019-01-05 15:53:39,Unbelievable... just give up for the rest of the season... seriously just give up you donâ€™t deservâ€¦ https://t.co/MlWrGTEpIm,['Unbelievable']
2019-01-05 15:53:27,Really poor decisions made all through the match. Need a shake up.,[]
2019-01-05 15:53:19,RT Defeat in for the https://t.co/hoGKUQJzCM,[]
2019-01-05 15:53:19,RT ğŸ’šâšªï¸ win again! The Italian side down in a sizzling game for their fourth victory on theâ€¦,['Italian']
2019-01-05 15:53:18,RT Rory Hughes of knows how tough it is growing up in less fortunate areas.This is fantastic initiativeâ€¦,[]
2019-01-05 15:53:18,ğŸ‰ FT in and have beaten Conference A leaders That's Benetton's 4th win inâ€¦ https://t.co/QJyv9uRvjF,['Benetton']
2019-01-05 15:53:16,RT ğŸ’šâšªï¸ win again! The Italian side down in a sizzling game for their fourth victory on theâ€¦,['Italian']
2019-01-05 15:53:12,"From the BBC text feed 'Comedy rugby from Laughable, if it wasn't so painful. ' OUCH!!!","['BBC', 'Laughable']"
2019-01-05 15:53:08,"Im sorry Rennie but Hastings should have been dropped for today for Now we have an out of form, nâ€¦ https://t.co/P2BvTBe2ss","['Rennie', 'Hastings']"
2019-01-05 15:53:07,season falling apart too many rested today and those played not good enough too many mistakes. Frustrating season,[]
2019-01-05 15:53:05,RT ğŸ’šâšªï¸ win again! The Italian side down in a sizzling game for their fourth victory on theâ€¦,['Italian']
2019-01-05 15:52:57,RT ğŸ’šâšªï¸ win again! The Italian side down in a sizzling game for their fourth victory on theâ€¦,['Italian']
2019-01-05 15:52:55,"Well, three weekends in a row without a win - this has been a hard few weeks supporting Back intoâ€¦ https://t.co/hpu2rcGX5A",[]
2019-01-05 15:52:51,RT Defeat in for the https://t.co/hoGKUQJzCM,[]
2019-01-05 15:52:45,again looking like a side that everyone else will want to play in the play offs if they get that far,[]
2019-01-05 15:52:37,ğŸ’šâšªï¸ win again! The Italian side down in a sizzling game for their fourth victory oâ€¦ https://t.co/s57wm85tMs,['Italian']
2019-01-05 15:52:34,Total shambles. Decision making is truly dreadful and we will be plummeting down the league on this form.,['Total']
2019-01-05 15:52:26,Not sure I can remember when lost 3 on the trot. Time to regroup for Europe tho. As Kenneth Williâ€¦ https://t.co/gD37dzShGC,"['Europe', 'Kenneth']"
2019-01-05 15:52:24,Sounds like a poor showing... too much uncertainty of who's staying/going and losing toâ€¦ https://t.co/2TnnFwk0Mz,['Sounds']
2019-01-05 15:52:22,Rather sip now than at the end of the season like we did last year.,[]
2019-01-05 15:52:20,"Sums it up really, shitty decisions and making unforced errors https://t.co/bdYCgLu09K",[]
2019-01-05 15:52:10,lose at Treviso 20-17..great result for and,['Treviso']
2019-01-05 15:52:07,Piss poor ... again,['Piss']
2019-01-05 15:52:03,Wonder what the excuse will be this time. Utter rubbish. ğŸ˜”,[]
2019-01-05 15:51:57,Deja vu to last season - great to about Xmas and shambles thereafter,"['Deja', 'Xmas']"
2019-01-05 15:51:53,We are warriors? We are pure bloody mince!!!,[]
2019-01-05 15:51:52,Following the same path as last season ğŸ˜¤,[]
2019-01-05 15:51:48,Fucking awful.,[]
2019-01-05 15:51:46,"Confidence is very low clearly, three on the trot, another 'nearly' season it seems. Sad to see.",['Confidence']
2019-01-05 15:51:28,Sweet suffering mercy! Another totally inept performance from way too many errors and some realâ€¦ https://t.co/UvEZ7QRF53,['Sweet']
2019-01-05 15:51:07,Season is falling to pieces,['Season']
2019-01-05 15:51:04,RT Defeat in for the https://t.co/hoGKUQJzCM,[]
2019-01-05 15:51:04,That is now 3-losses on the bounce for Hastings again with a performance below his standard and frâ€¦ https://t.co/DhLct1skug,['Hastings']
2019-01-05 15:50:55,were utter rubbish today as a collective. Good performances from Johnson &amp; McDowall but some experâ€¦ https://t.co/vXdi5wDYQc,['Johnson']
2019-01-05 15:50:41,"Another disappointing day watching Iâ€™m no rugby tactician guru, but too many mistakes and often loâ€¦ https://t.co/wqXcSNJPp1",[]
2019-01-05 15:50:36,So disappointing lots of missed opportunities. Big dust down before next week.,[]
2019-01-05 15:50:21,Poor display but also then no real kicker on to take the points. Poor from warriors at minute poorâ€¦ https://t.co/rG1VsxBoYL,['Poor']
2019-01-05 15:49:53,So nice of of showing the rugby team! Down by three but never too late to cheer 'em on!,[]
2019-01-05 15:49:21,"What an awful performance from 3 weeks in a row the on field decision making has been awful, someâ€¦ https://t.co/ZCdusGkeae",[]
2019-01-05 15:49:04,What has happened to our look a team void of ideas and leadership. Europe next week so big game at home to,['Europe']
2019-01-05 15:48:28,Shambles disgraceful display,[]
2019-01-05 15:48:11,Ouch! That is nightmare performance from compounds it with a horror restart and then doesn't kill the ball ğŸ˜¤,[]
2019-01-05 15:47:58,Woeful from,[]
2019-01-05 15:47:50,What a shambles.,[]
2019-01-05 15:47:46,Awful stuff from this afternoon,['Awful']
2019-01-05 15:46:12,Absolutely dire from,[]
2019-01-05 15:45:40,loving the live rugby on ESPN 2 this morning between and Keep showing the leâ€¦ https://t.co/rXtvdkQNbK,['ESPN']
2019-01-05 15:45:38,Why on earth did not take the 3 points with 7 mins left on the clock to level the game and then geâ€¦ https://t.co/SDJfe1qUEZ,[]
2019-01-05 15:45:30,hang your heads in shame...,[]
2019-01-05 15:45:16,Oh FFS,['FFS']
2019-01-05 15:43:56,About time !!!,[]
2019-01-05 15:43:43,RT 5 minutes to go. piling on the pressure inside the Benetton half https://t.co/R5RlncSynR,['Benetton']
2019-01-05 15:42:10,Not before time. Terrible display by Hastings,['Hastings']
2019-01-05 15:41:58,Finally!!!! Too bloody late!!!,[]
2019-01-05 15:39:11,letâ€™s go letâ€™s go!! Come on team letâ€™s show them what we are made of,[]
2019-01-05 15:37:15,This is going like last season ğŸ¤¬,[]
2019-01-05 15:35:37,RT Penalty Benetton. offside in defence and the hosts sneak back in front https://t.co/9ReBNOHxZy,['Penalty Benetton']
2019-01-05 15:35:11,Come on still there for the taking,[]
2019-01-05 15:35:08,He's only young and looks like a great prospect.....don't wriâ€¦ https://t.co/OVfrde13Rp,[]
2019-01-05 15:34:35,Agree David last two games were the same !!,"['Agree', 'David']"
2019-01-05 15:33:23,RT Penalty Benetton. offside in defence and the hosts sneak back in front https://t.co/9ReBNOHxZy,['Penalty Benetton']
2019-01-05 15:33:16,RT Matthew Smith https://t.co/JeuMmK2V0c,['Matthew Smith']
2019-01-05 15:32:47,need a world class fetcher in the back row. No answers for opposition pick and go.,[]
2019-01-05 15:32:15,Getting out played by a completely average team!!!!,[]
2019-01-05 15:31:32,Back row crisis???? Try being we have been left with fully fit crap undeâ€¦ https://t.co/c1d9hrxyl9,[]
2019-01-05 15:30:27,really off the boil at the minute. Too many changes for this week also. Struggling here to get theâ€¦ https://t.co/nXqWiRiL9v,[]
2019-01-05 15:28:26,Get Hastings off!!! He's a liability,['Get Hastings']
2019-01-05 15:28:26,RT HALF TIME | Sam Johnson scores one and sets up one in the first half as narrowly lead in httpsâ€¦,['Sam Johnson']
2019-01-05 15:26:52,RT level the scores with a simple kick from in front of the sticks https://t.co/i7o6Pim665,[]
2019-01-05 15:26:31,"RT Robbie Narin given 54 minutes for today, but didnâ€™t showcase much of anything other than two knock-ons andâ€¦",['Robbie Narin']
2019-01-05 15:26:20,Donâ€™t forget - pinkies out ;) https://t.co/sq9klphEqZ,['Don']
2019-01-05 15:25:47,"RT Robbie Narin given 54 minutes for today, but didnâ€™t showcase much of anything other than two knock-ons andâ€¦",['Robbie Narin']
2019-01-05 15:25:41,RT level the scores with a simple kick from in front of the sticks https://t.co/i7o6Pim665,[]
2019-01-05 15:24:57,"Robbie Narin given 54 minutes for today, but didnâ€™t showcase much of anything other than two knockâ€¦ https://t.co/cSz8LrXbED","['Robbie', 'Narin']"
2019-01-05 15:24:54,RT level the scores with a simple kick from in front of the sticks https://t.co/i7o6Pim665,[]
2019-01-05 15:24:41,RT Just going to leave this here,[]
2019-01-05 15:23:10,Sounds lovely. Well not the -2 lol,['Sounds']
2019-01-05 15:21:50,Lovely,[]
2019-01-05 15:21:26,Yeah itâ€™s -2 degrees so my Prosecco is always cold!,[]
2019-01-05 15:20:07,You know I wouldn't be sharing lol,[]
2019-01-05 15:14:50,Does the Prosecco taste better in,[]
2019-01-05 15:14:05,How is the prosecco? Oh and the rugby lol,[]
2019-01-05 15:13:05,RT Try Benetton. fall of a tackle as the ball goes wide and the home side re-take the lead. No conversion.,['Benetton']
2019-01-05 15:06:37,RT Getting ready for his big trip to next weekend with a little trip to the first. httpsâ€¦,[]
2019-01-05 15:05:47,RT TRY!!! have a dominant scrum right on the Benetton try line and as the ball goes wide Sammy crashes over withâ€¦,['Benetton']
2019-01-05 15:02:32,RT ğŸ‰ HT in score on the brink of half time and lead by 2 ! BEN 12-14 GLA,[]
2019-01-05 15:01:33,Much love for the hedges ğŸ˜ğŸ˜,['Much']
2019-01-05 15:01:24,RT Very entertaining match between and 12 - 14 at HT. v,['HT']
2019-01-05 14:56:36,RT Three girls with their Prosecco. Letâ€™s go https://t.co/dOVDreokjo,[]
2019-01-05 14:56:25,RT HALF TIME | Sam Johnson scores one and sets up one in the first half as narrowly lead in httpsâ€¦,['Sam Johnson']
2019-01-05 14:54:57,I loved my trip there couple seasons ago - wish was there with you all today! Have anâ€¦ https://t.co/okCJ7uawW9,[]
2019-01-05 14:54:07,RT Adam's conversion means lead at the break https://t.co/ydlm8f2Cew,['Adam']
2019-01-05 14:53:45,Weâ€™re missing you Ali!! ğŸ˜˜,[]
2019-01-05 14:53:09,RT HALF TIME | Sam Johnson scores one and sets up one in the first half as narrowly lead in httpsâ€¦,['Sam Johnson']
2019-01-05 14:51:47,Come on lads. Heads up and fight for this win,['Heads']
2019-01-05 14:51:24,RT ğŸ‰ HT in score on the brink of half time and lead by 2 ! BEN 12-14 GLA,[]
2019-01-05 14:51:17,Need to win this one .,['Need']
2019-01-05 14:50:13,RT HALF TIME | Sam Johnson scores one and sets up one in the first half as narrowly lead in httpsâ€¦,['Sam Johnson']
2019-01-05 14:49:55,"RT TRY!!! With 10 seconds left in the first half strike. Sam Johnson breaks the line and George Horne, as he alwaâ€¦","['Sam Johnson', 'George Horne']"
2019-01-05 14:49:33,RT TRY!!! have a dominant scrum right on the Benetton try line and as the ball goes wide Sammy crashes over withâ€¦,['Benetton']
2019-01-05 14:49:31,RT HALF TIME | Sam Johnson scores one and sets up one in the first half as narrowly lead in httpsâ€¦,['Sam Johnson']
2019-01-05 14:49:24,RT Adam's conversion means lead at the break https://t.co/ydlm8f2Cew,['Adam']
2019-01-05 14:49:20,"RT TRY!!! With 10 seconds left in the first half strike. Sam Johnson breaks the line and George Horne, as he alwaâ€¦","['Sam Johnson', 'George Horne']"
2019-01-05 14:49:17,RT Evenly matched opening few exchanges here in Treviso https://t.co/Rm2kK2UwRA,['Treviso']
2019-01-05 14:48:59,"RT âš”ï¸ğŸ›¡ï¸ | Here is your team travelling to ğŸ‡®ğŸ‡¹ to face in the first game of 2âƒ£0âƒ£1âƒ£9âƒ£,â€¦",[]
2019-01-05 14:48:37,ğŸ‰ HT in score on the brink of half time and lead by 2 ! BEN 12-14 GLAâ€¦ https://t.co/iNQaALzOP7,[]
2019-01-05 14:48:32,Itâ€™s a bottle split three ways. Weâ€™re classy lassies x,[]
2019-01-05 14:47:54,RT HALF TIME | Sam Johnson scores one and sets up one in the first half as narrowly lead in httpsâ€¦,['Sam Johnson']
2019-01-05 14:47:04,Half-time ğŸŠ Cracking game in Treviso with Dean Budd on a hat-trick and Sam Johnson having a stormâ€¦ https://t.co/MVabZBn7kj,"['Treviso', 'Dean Budd', 'Sam Johnson']"
2019-01-05 14:46:56,Well done,[]
2019-01-05 14:46:45,Very entertaining match between and 12 - 14 at HT. v,['HT']
2019-01-05 14:46:13,Sam Johnson ğŸ‘ğŸ‘ğŸ‘ğŸ‘,"['Sam', 'Johnson']"
2019-01-05 14:45:27,Sam Johnson is unreal for what a game so far!,"['Sam', 'Johnson']"
2019-01-05 14:45:15,Yes prefect timing,[]
2019-01-05 14:44:46,"RT Once praised for their depth, the current iteration of dont look like they have enough quality to continueâ€¦",[]
2019-01-05 14:44:24,"RT looking dangerous and break the Benetton line, the home side manage to defend and clear https://t.co/â€¦",['Benetton']
2019-01-05 14:40:13,Getting ready for his big trip to next weekend with a little trip to the first.â€¦ https://t.co/xTi1lkABFi,[]
2019-01-05 14:38:49,C'mon make amends and score big,[]
2019-01-05 14:38:45,RT TRY!!! have a dominant scrum right on the Benetton try line and as the ball goes wide Sammy crashes over withâ€¦,['Benetton']
2019-01-05 14:37:49,RT Three girls with their Prosecco. Letâ€™s go https://t.co/dOVDreokjo,[]
2019-01-05 14:37:44,RT Seems have learned absolutely nothing from the 2 defeats to Woeful performance in so faâ€¦,['Woeful']
2019-01-05 14:37:26,"RT La Dolce Vita, Treviso style! Ye can go to but can never do without being a Celt or vitaman G! C'mon the",['Treviso']
2019-01-05 14:36:14,"Weâ€™re a different side to the one before the games, the boys need to waken up.",[]
2019-01-05 14:36:05,Seems have learned absolutely nothing from the 2 defeats to Woeful performance in so far.,['Woeful']
2019-01-05 14:36:03,"La Dolce Vita, Treviso style! Ye can go to but can never do without being a Celt or vitaman G! C'mon theâ€¦ https://t.co/G2Ppeus9xZ","['La', 'Dolce Vita', 'Treviso']"
2019-01-05 14:35:35,Oh there will be. ğŸ˜‰,[]
2019-01-05 14:34:06,RT ğŸ“º Kick-Off! We are underway now in as go up against https://t.â€¦,[]
2019-01-05 14:33:54,RT The romance continues in the most romantic city in the ğŸŒ!!! What a beautiful sight. Happiness is Eggâ€¦,['Happiness']
2019-01-05 14:33:52,RT ğŸ‰ TRY for and they level the game after 23 minutes! BEN 7-7 GLA https://t.co/0yVAMxLâ€¦,['GLA']
2019-01-05 14:33:46,Come on don't let this be another game where we wake up too late! https://t.co/ixlYMjymB0,[]
2019-01-05 14:33:44,RT TRY!!! have a dominant scrum right on the Benetton try line and as the ball goes wide Sammy crashes over withâ€¦,['Benetton']
2019-01-05 14:32:49,RT Try Benetton. The home side score another close range try to re-take the lead https://t.co/Qcf4bbwlQe,['Benetton']
2019-01-05 14:32:42,RT ğŸ‰ TRY for and they level the game after 23 minutes! BEN 7-7 GLA https://t.co/0yVAMxLâ€¦,['GLA']
2019-01-05 14:32:32,"RT Once praised for their depth, the current iteration of dont look like they have enough quality to continueâ€¦",[]
2019-01-05 14:31:53,RT Three girls with their Prosecco. Letâ€™s go https://t.co/dOVDreokjo,[]
2019-01-05 14:31:34,"Once praised for their depth, the current iteration of dont look like they have enough quality toâ€¦ https://t.co/aLWYMKOtlf",[]
2019-01-05 14:31:04,RT Adam evens things up with a simple 2 https://t.co/Q8c9WYX8lZ,['Adam']
2019-01-05 14:30:56,RT TRY!!! have a dominant scrum right on the Benetton try line and as the ball goes wide Sammy crashes over withâ€¦,['Benetton']
2019-01-05 14:30:44,RT ğŸ‰ TRY for and they level the game after 23 minutes! BEN 7-7 GLA https://t.co/0yVAMxLâ€¦,['GLA']
2019-01-05 14:29:52,RT Adam evens things up with a simple 2 https://t.co/Q8c9WYX8lZ,['Adam']
2019-01-05 14:28:40,RT TRY!!! have a dominant scrum right on the Benetton try line and as the ball goes wide Sammy crashes over withâ€¦,['Benetton']
2019-01-05 14:27:27,RT ğŸ‰ TRY for and they level the game after 23 minutes! BEN 7-7 GLA https://t.co/0yVAMxLâ€¦,['GLA']
2019-01-05 14:27:03,ğŸ‰ TRY for and they level the game after 23 minutes! BEN 7-7 GLA https://t.co/0yVAMxLO98,"['TRY', 'GLA']"
2019-01-05 14:27:00,Some refreshingly good refereeing in the v game. teetering on the edge betwâ€¦ https://t.co/D7QM0aGPCU,[]
2019-01-05 14:25:30,Thank god for that!! Come on a win with bonus point is a must.,['Thank']
2019-01-05 14:25:25,Brill photo xx,['Brill']
2019-01-05 14:24:56,Fabulous to see respected &amp; talented female ref Joy Neville officiating this match. Supporting inâ€¦ https://t.co/7VXNUd7O0u,"['Fabulous', 'Joy Neville']"
2019-01-05 14:24:22,"RT have found their footing in the match, winning penalties and pinning the home side into their own 22",[]
2019-01-05 14:24:09,"RT have found their footing in the match, winning penalties and pinning the home side into their own 22",[]
2019-01-05 14:20:32,Someone will have serious hedge envy at that photo,['Someone']
2019-01-05 14:20:20,"RT take to the field, all in black. Fantastic to see some flags in the stadium this afternoon. Kick offâ€¦",['Kick']
2019-01-05 14:19:46,RT Try Benetton. The home side open the scoring from 1m out https://t.co/T3YeiSZxq7,['Benetton']
2019-01-05 14:16:56,I'd suggest you try clearing your cookies and cache and then reloading the page.,[]
2019-01-05 14:16:05,Another terrible start. Hastings wants subbed for causing that try.,[]
2019-01-05 14:15:35,Restart the game,[]
2019-01-05 14:14:19,"Yes I have done, when I click the bit that says ""click here"" on the error messageâ€¦ https://t.co/8rM6HmyWOm",[]
2019-01-05 14:13:41,Absolutely fucking SHITE from so far!,['SHITE']
2019-01-05 14:13:27,"I'm sorry, but Hastings simply isn't good enough when it comes to decision making.",['Hastings']
2019-01-05 14:13:22,"Hi Ben, have you signed in in the top right corner?",[]
2019-01-05 14:12:28,"RT take to the field, all in black. Fantastic to see some flags in the stadium this afternoon. Kick offâ€¦",['Kick']
2019-01-05 14:12:25,"why am I getting this message? I am subscribed, you took the money out my account 4 days ago!! I'mâ€¦ https://t.co/1eWorYDBhw",[]
2019-01-05 14:10:52,RT ğŸ“º Kick-Off! We are underway now in as go up against https://t.â€¦,[]
2019-01-05 14:09:06,RT Evenly matched opening few exchanges here in Treviso https://t.co/Rm2kK2UwRA,['Treviso']
2019-01-05 14:08:48,Pint glasses of it too. My kind of girls . Enjoy,['Pint']
2019-01-05 14:07:15,Fantastico beautiful day. Are you in the â˜€ or other side,['Fantastico']
2019-01-05 14:07:15,"RT take to the field, all in black. Fantastic to see some flags in the stadium this afternoon. Kick offâ€¦",['Kick']
2019-01-05 14:07:10,"RT Warm ups done, Ryan Wilson leads his side back in to the changing rooms. Less than 10 minutes to go here.",['Ryan Wilson']
2019-01-05 14:07:04,RT Underway in https://t.co/EdrXtdBeWu,[]
2019-01-05 14:06:50,"More tweets please, whatâ€™s happening?",[]
2019-01-05 14:05:20,About 7 hours in to the LOTR marathon and we're taking some time off for before heading into The Bâ€¦ https://t.co/FYbZBN4iZ5,['LOTR']
2019-01-05 14:02:29,ğŸ“º Kick-Off! We are underway now in as go up against https://t.co/hBswmBbG34,[]
2019-01-05 14:01:33,COME ON GLASGOW ğŸ”µâš«ğŸ”µ,['COME']
2019-01-05 13:58:58,Come on !!,[]
2019-01-05 13:56:54,Yep! Split a bottle. We know how to party ğŸ¥³,['Yep']
2019-01-05 13:55:10,RT Rory Hughes of knows how tough it is growing up in less fortunate areas.This is fantastic initiativeâ€¦,[]
2019-01-05 13:53:04,RT Cold and sunny here in Treviso. Kick off just 30 minutes away. https://t.co/fv0r3Z1M6l,"['Treviso', 'Kick']"
2019-01-05 13:48:29,Wishing &amp; all the best against ğŸ‰ğŸ‰,['Wishing']
2019-01-05 13:48:14,Three girls with their Prosecco. Letâ€™s go https://t.co/dOVDreokjo,[]
2019-01-05 13:47:34,RT Rory Hughes of knows how tough it is growing up in less fortunate areas.This is fantastic initiativeâ€¦,[]
2019-01-05 13:47:17,RT First game ko soon. Backing to bounce back and win by 8 points!! Go to https://t.co/lrâ€¦,[]
2019-01-05 13:46:15,RT Cold and sunny here in Treviso. Kick off just 30 minutes away. https://t.co/fv0r3Z1M6l,"['Treviso', 'Kick']"
2019-01-05 13:42:42,Splendido ! ğŸ˜Š,['Splendido']
2019-01-05 13:42:16,"here, told you that all good things come from â€˜The â€˜milkâ€™. ğŸ™‹ğŸ»â€â™€ï¸ğŸ˜‚",[]
2019-01-05 13:38:36,RT Rory Hughes of knows how tough it is growing up in less fortunate areas.This is fantastic initiativeâ€¦,[]
2019-01-05 13:36:52,RT Ready for team arrival https://t.co/AO7J0MvHYI,[]
2019-01-05 13:36:46,"RT ğŸ—£ â€œWe were disappointed the last two weeks, we werenâ€™t clinal enough. Benetton are going well in Conference B so weâ€™reâ€¦","['Benetton', 'Conference']"
2019-01-05 13:36:16,First game ko soon. Backing to bounce back and win by 8 points!! Go to https://t.co/lruk5cxBkG,[]
2019-01-05 13:36:12,"Completely forgot there was a game on, thank goodness for Twitter!",['Twitter']
2019-01-05 13:35:54,RT Cold and sunny here in Treviso. Kick off just 30 minutes away. https://t.co/fv0r3Z1M6l,"['Treviso', 'Kick']"
2019-01-05 13:32:26,Weâ€™ve made it here. Hedge tastic!! https://t.co/67TdqhHu98,[]
2019-01-05 13:18:50,"RT ğŸ—£ â€œWe were disappointed the last two weeks, we werenâ€™t clinal enough. Benetton are going well in Conference B so weâ€™reâ€¦","['Benetton', 'Conference']"
2019-01-05 13:14:03,Have a great time at the game ...I won't see it until later ğŸ˜¢ Go well lads ! You can do this ğŸ‘ğŸ‘ğŸ‰,[]
2019-01-05 12:49:41,RT Ready for team arrival https://t.co/AO7J0MvHYI,[]
2019-01-05 12:40:37,Damp grey Argyll. :),"['Damp', 'Argyll']"
2019-01-05 12:35:08,RT Welcome to the Stadio di Monigo ğŸ‡®ğŸ‡¹ kick off here in is just 2ï¸âƒ£ hours away. Where are you tuning in from this afâ€¦,"['Stadio', 'Monigo']"
2019-01-05 12:21:30,RT ğŸ‰ ğŸ¦ ğŸ†š âš”ï¸ğŸ›¡ ğŸ†13Âº round ğŸŸStadio Monigo âŒšï¸ 15:00 ğŸ“º,['Monigo']
2019-01-05 12:09:21,RT Welcome to the Stadio di Monigo ğŸ‡®ğŸ‡¹ kick off here in is just 2ï¸âƒ£ hours away. Where are you tuning in from this afâ€¦,"['Stadio', 'Monigo']"
2019-01-05 12:09:09,RT The romance continues in the most romantic city in the ğŸŒ!!! What a beautiful sight. Happiness is Eggâ€¦,['Happiness']
2019-01-05 12:05:38,RT delighted to see on the whistle today for the v in One of the bâ€¦,[]
2019-01-05 12:01:29,RT The romance continues in the most romantic city in the ğŸŒ!!! What a beautiful sight. Happiness is Eggâ€¦,['Happiness']
2019-01-05 11:52:31,The romance continues in the most romantic city in the ğŸŒ!!! What a beautiful sight. Happiness isâ€¦ https://t.co/lkpsSJzDka,[]
2019-01-05 11:52:23,RT Rory Hughes of knows how tough it is growing up in less fortunate areas.This is fantastic initiativeâ€¦,[]
2019-01-05 11:40:13,RT Rory Hughes of knows how tough it is growing up in less fortunate areas.This is fantastic initiativeâ€¦,[]
2019-01-05 11:36:16,RT Rory Hughes of knows how tough it is growing up in less fortunate areas.This is fantastic initiativeâ€¦,[]
2019-01-05 11:33:22,RT Rory Hughes of knows how tough it is growing up in less fortunate areas.This is fantastic initiativeâ€¦,[]
2019-01-05 11:31:52,Represent! Surely a win this time. And the lucky bunnet is miles away.,[]
2019-01-05 10:55:37,Thatâ€™s too sensible,[]
2019-01-05 10:50:51,"RT Also in SCRUM 112, we caught up with who spoke about the landmark of 150 games for A fâ€¦",[]
2019-01-05 10:42:22,Fully agree Mark. Hopefully next year,"['Mark', 'Hopefully']"
2019-01-05 10:37:50,RT delighted to see on the whistle today for the v in One of the bâ€¦,[]
2019-01-05 10:37:30,What happened to the big no8 that we brought over from America not seen him playing yet,['America']
2019-01-05 10:23:04,would have been better suited to one of the Irish derbies,['Irish']
2019-01-05 10:01:25,delighted to see on the whistle today for the v in https://t.co/MVgoSvisKO,[]
2019-01-05 09:57:53,Well spotted!!!,[]
2019-01-05 09:54:43,RT Rory Hughes of knows how tough it is growing up in less fortunate areas.This is fantastic initiativeâ€¦,[]
2019-01-05 09:49:56,"RT Also in SCRUM 112, we caught up with who spoke about the landmark of 150 games for A fâ€¦",[]
2019-01-05 09:46:25,RT Rory Hughes of knows how tough it is growing up in less fortunate areas.This is fantastic initiativeâ€¦,[]
2019-01-05 09:45:26,RT Rory Hughes of knows how tough it is growing up in less fortunate areas.This is fantastic initiativeâ€¦,[]
2019-01-05 09:30:16,ğŸ‰ ğŸ¦ ğŸ†š âš”ï¸ğŸ›¡ ğŸ†13Âº round ğŸŸStadio Monigo âŒšï¸ 15:00 ğŸ“ºâ€¦ https://t.co/4Do7ZEMNdp,['Monigo']
2019-01-05 09:25:26,Remember today's match is at 2 pm not 3 pm. 3 pm is the local time in Dont get caught out.,['Dont']
2019-01-05 09:25:00,RT an-diugh bho 9sm ğŸ‰,[]
2019-01-05 09:23:52,RT Rory Hughes of knows how tough it is growing up in less fortunate areas.This is fantastic initiativeâ€¦,[]
2019-01-05 09:06:04,RT an-diugh bho 9sm ğŸ‰,[]
2019-01-05 09:04:41,RT Rory Hughes of knows how tough it is growing up in less fortunate areas.This is fantastic initiativeâ€¦,[]
2019-01-05 09:03:39,"RT Also in SCRUM 112, we caught up with who spoke about the landmark of 150 games for A fâ€¦",[]
2019-01-05 09:01:12,RT an-diugh bho 9sm ğŸ‰,[]
2019-01-05 09:00:37,an-diugh bho 9sm ğŸ‰â€¦ https://t.co/JICFWlSAZ3,[]
2019-01-05 09:00:05,"Also in SCRUM 112, we caught up with who spoke about the landmark of 150 games for https://t.co/QmGAGnp9s6",[]
2019-01-05 08:52:21,Enjoy!! ğŸ‰,['Enjoy']
2019-01-05 08:37:41,Stick in Charlie sure u will get on!!!ğŸ‘Š,"['Stick', 'Charlie']"
2019-01-05 08:29:51,RT Rory Hughes of knows how tough it is growing up in less fortunate areas.This is fantastic initiativeâ€¦,[]
2019-01-05 07:54:54,not letting go of their New Zealand coach Dave Rennie anytime soon! https://t.co/fzLTmlRrCk,"['Zealand', 'Dave Rennie']"
2019-01-05 07:52:41,RT Rory Hughes of knows how tough it is growing up in less fortunate areas.This is fantastic initiativeâ€¦,[]
2019-01-05 07:35:14,RT Rory Hughes of knows how tough it is growing up in less fortunate areas.This is fantastic initiativeâ€¦,[]
2019-01-05 07:30:16,Need to buck up our ideas after 2 dreadful performances againstâ€¦ https://t.co/sJHXavo96y,['Need']
2019-01-05 07:29:50,RT Rory Hughes of knows how tough it is growing up in less fortunate areas.This is fantastic initiativeâ€¦,[]
2019-01-05 07:05:09,Enjoy!!!,['Enjoy']
2019-01-05 06:31:35,Itâ€™s Italian GAME DAY!!!! Letâ€™s get back to winning ways and win this in the Italian sunshine!,"['Italian', 'Italian']"
2019-01-05 06:18:08,"RT Benetton v Hogg, Horne and Kebble expected back for Europe -","['Benetton', 'Hogg', 'Horne', 'Kebble', 'Europe']"
2019-01-05 06:03:57,"RT Benetton v Hogg, Horne and Kebble expected back for Europe -","['Benetton', 'Hogg', 'Horne', 'Kebble', 'Europe']"
2019-01-05 06:03:55,RT ğŸ‘ğŸ»ğŸ‘ğŸ» good luck to my boys tomorrow! Youâ€™ll be hâ€¦,[]
2019-01-05 05:20:26,RT games this weekend on Saturday: vs vs,[]
2019-01-05 03:07:42,RT games this weekend on Saturday: vs vs,[]
2019-01-05 02:08:33,RT Rory Hughes of knows how tough it is growing up in less fortunate areas.This is fantastic initiativeâ€¦,[]
2019-01-05 00:32:14,RT Rory Hughes of knows how tough it is growing up in less fortunate areas.This is fantastic initiativeâ€¦,[]
2019-01-05 00:18:56,May just be his mandated week off.,[]
2019-01-04 23:54:43,"RT Benetton v Hogg, Horne and Kebble expected back for Europe -","['Benetton', 'Hogg', 'Horne', 'Kebble', 'Europe']"
2019-01-04 23:27:10,"RT âš”ï¸ğŸ›¡ï¸ | Here is your team travelling to ğŸ‡®ğŸ‡¹ to face in the first game of 2âƒ£0âƒ£1âƒ£9âƒ£,â€¦",[]
2019-01-04 23:23:55,RT ğŸ“° Preview v ğŸ•¹ï¸ Who's playing ğŸ“ˆ Who's in form ğŸ“º Where to watch ğŸ–±ï¸ Click here: https://tâ€¦,['Click']
2019-01-04 23:06:50,"Have a ball rugby buddy and Morag .. Wish I was there ... As you always say ... C,MON GLASGOW !!! ğŸ˜Š","['Morag', 'MON']"
2019-01-04 22:59:30,"RT Benetton v Hogg, Horne and Kebble expected back for Europe -","['Benetton', 'Hogg', 'Horne', 'Kebble', 'Europe']"
2019-01-04 22:57:58,RT Rory Hughes of knows how tough it is growing up in less fortunate areas.This is fantastic initiativeâ€¦,[]
2019-01-04 22:52:05,RT Rory Hughes of knows how tough it is growing up in less fortunate areas.This is fantastic initiativeâ€¦,[]
2019-01-04 22:50:44,"RT âš”ï¸ğŸ›¡ï¸ | Here is your team travelling to ğŸ‡®ğŸ‡¹ to face in the first game of 2âƒ£0âƒ£1âƒ£9âƒ£,â€¦",[]
2019-01-04 22:50:17,RT Here is the side we will be facing in tomorrow afternoon â¬‡ï¸ https://t.co/o0q3ogFbtu,[]
2019-01-04 22:47:20,So disappointed with players the ubi chip tonight. Grow up,[]
2019-01-04 22:36:22,ğŸ‘ğŸ»ğŸ‘ğŸ» good luck to my boys tomorrow! Youâ€™ll bâ€¦ https://t.co/lEmqFWW7gj,[]
2019-01-04 22:36:15,See you in Treviso tomorrow https://t.co/sG79Wj2UlG,['Treviso']
2019-01-04 22:20:24,"RT âš”ï¸ğŸ›¡ï¸ | Here is your team travelling to ğŸ‡®ğŸ‡¹ to face in the first game of 2âƒ£0âƒ£1âƒ£9âƒ£,â€¦",[]
2019-01-04 22:02:07,"Benetton v Hogg, Horne and Kebble expected back for Europe - https://t.co/Ye0mQV8nPY","['Benetton', 'Hogg', 'Horne', 'Kebble', 'Europe']"
2019-01-04 22:00:06,Unfortunate that the Edinbuâ€¦ https://t.co/wHF1M0tYMR,['Unfortunate']
2019-01-04 21:58:21,RT Rory Hughes of knows how tough it is growing up in less fortunate areas.This is fantastic initiativeâ€¦,[]
2019-01-04 21:52:37,RT Rory Hughes of knows how tough it is growing up in less fortunate areas.This is fantastic initiativeâ€¦,[]
2019-01-04 21:52:04,Good bit of business by in terms of Dave Rennie contract extension.,"['Good', 'Dave Rennie']"
2019-01-04 21:49:30,RT Rory Hughes of knows how tough it is growing up in less fortunate areas.This is fantastic initiativeâ€¦,[]
2019-01-04 21:29:38,RT Rory Hughes of knows how tough it is growing up in less fortunate areas.This is fantastic initiativeâ€¦,[]
2019-01-04 21:25:08,RT Rory Hughes of knows how tough it is growing up in less fortunate areas.This is fantastic initiativeâ€¦,[]
2019-01-04 21:14:57,"RT âš”ï¸ğŸ›¡ï¸ | Here is your team travelling to ğŸ‡®ğŸ‡¹ to face in the first game of 2âƒ£0âƒ£1âƒ£9âƒ£,â€¦",[]
2019-01-04 21:13:48,RT Rory Hughes of knows how tough it is growing up in less fortunate areas.This is fantastic initiativeâ€¦,[]
2019-01-04 21:13:13,RT Match preview - Rd 13 H A 1 to ğŸ” Milestone - 50th PROâ€¦,['Milestone']
2019-01-04 21:12:32,RT ğŸ“° Preview v ğŸ•¹ï¸ Who's playing ğŸ“ˆ Who's in form ğŸ“º Where to watch ğŸ–±ï¸ Click here: https://tâ€¦,['Click']
2019-01-04 21:09:29,Hope take note of Sale v Sarries game,"['Hope', 'Sale', 'Sarries']"
2019-01-04 20:47:38,RT Rory Hughes of knows how tough it is growing up in less fortunate areas.This is fantastic initiativeâ€¦,[]
2019-01-04 20:44:56,"Cracking first day. Had some tip top pasta wee stroll in cannaregio, Venice post a bottle of not too shabby red. Toâ€¦ https://t.co/NLXyW6FyOb",['Venice']
2019-01-04 20:44:38,RT Rory Hughes of knows how tough it is growing up in less fortunate areas.This is fantastic initiativeâ€¦,[]
2019-01-04 20:33:21,"RT âš”ï¸ğŸ›¡ï¸ | Here is your team travelling to ğŸ‡®ğŸ‡¹ to face in the first game of 2âƒ£0âƒ£1âƒ£9âƒ£,â€¦",[]
2019-01-04 20:33:02,RT Rory Hughes of knows how tough it is growing up in less fortunate areas.This is fantastic initiativeâ€¦,[]
2019-01-04 20:31:44,Iâ€™m a bit worried about thiâ€¦ https://t.co/zZQF8E9gF8,[]
2019-01-04 20:30:19,RT Rory Hughes of knows how tough it is growing up in less fortunate areas.This is fantastic initiativeâ€¦,[]
2019-01-04 20:06:17,RT Venice today and Treviso tomorrow. Hope the lads get back to business and leave 'sighing'â€¦,['Treviso']
2019-01-04 20:06:12,RT Rory Hughes of knows how tough it is growing up in less fortunate areas.This is fantastic initiativeâ€¦,[]
2019-01-04 19:54:06,RT Match preview - Rd 13 H A 1 to ğŸ” Milestone - 50th PROâ€¦,['Milestone']
2019-01-04 19:52:19,RT A look at how might target top spot in Conference A of the to maximise their chances ofâ€¦,[]
2019-01-04 19:47:12,A look at how might target top spot in Conference A of the to maximise their chanceâ€¦ https://t.co/IG70LThUfr,[]
2019-01-04 19:45:15,one of my fav away trips,[]
2019-01-04 19:45:08,RT Rory Hughes of knows how tough it is growing up in less fortunate areas.This is fantastic initiativeâ€¦,[]
2019-01-04 19:40:00,RT Rory Hughes of knows how tough it is growing up in less fortunate areas.This is fantastic initiativeâ€¦,[]
2019-01-04 19:39:43,RT Venice today and Treviso tomorrow. Hope the lads get back to business and leave 'sighing'â€¦,['Treviso']
2019-01-04 19:38:35,I like the look of the Warrâ€¦ https://t.co/0mrRTIfJut,[]
2019-01-04 19:27:54,RT Rory Hughes of knows how tough it is growing up in less fortunate areas.This is fantastic initiativeâ€¦,[]
2019-01-04 19:14:35,RT Rory Hughes of knows how tough it is growing up in less fortunate areas.This is fantastic initiativeâ€¦,[]
2019-01-04 19:06:09,RT Rory Hughes of knows how tough it is growing up in less fortunate areas.This is fantastic initiativeâ€¦,[]
2019-01-04 18:58:41,RT Rory Hughes of knows how tough it is growing up in less fortunate areas.This is fantastic initiativeâ€¦,[]
2019-01-04 18:53:38,RT Rory Hughes of knows how tough it is growing up in less fortunate areas.This is fantastic initiativeâ€¦,[]
2019-01-04 18:53:30,RT Rory Hughes of knows how tough it is growing up in less fortunate areas.This is fantastic initiativeâ€¦,[]
2019-01-04 18:47:17,Whatâ€™s the betting this teaâ€¦ https://t.co/FF2NR0MbCZ,[]
2019-01-04 18:44:57,Happy New Year my dear ğŸ˜˜,"['Happy', 'New']"
2019-01-04 18:34:08,RT Rory Hughes of knows how tough it is growing up in less fortunate areas.This is fantastic initiativeâ€¦,[]
2019-01-04 18:28:07,RT Rory Hughes of knows how tough it is growing up in less fortunate areas.This is fantastic initiativeâ€¦,[]
2019-01-04 18:17:46,RT Rory Hughes of knows how tough it is growing up in less fortunate areas.This is fantastic initiativeâ€¦,[]
2019-01-04 18:15:59,RT Rory Hughes of knows how tough it is growing up in less fortunate areas.This is fantastic initiativeâ€¦,[]
2019-01-04 18:04:07,RT Rory Hughes of knows how tough it is growing up in less fortunate areas.This is fantastic initiativeâ€¦,[]
2019-01-04 18:03:18,RT Rory Hughes of knows how tough it is growing up in less fortunate areas.This is fantastic initiativeâ€¦,[]
2019-01-04 18:03:14,Venice today and Treviso tomorrow. Hope the lads get back to business and leave 'siâ€¦ https://t.co/AhTFnHhVpA,"['Venice', 'Treviso']"
2019-01-04 17:59:32,RT Rory Hughes of knows how tough it is growing up in less fortunate areas.This is fantastic initiativeâ€¦,[]
2019-01-04 17:58:40,RT Rory Hughes of knows how tough it is growing up in less fortunate areas.This is fantastic initiativeâ€¦,[]
2019-01-04 17:55:17,Rory Hughes of knows how tough it is growing up in less fortunate areas.This is fantastic initiaâ€¦ https://t.co/5BPQr7cM5e,['Rory Hughes']
2019-01-04 17:26:02,Awesome effort as usual witâ€¦ https://t.co/WFD8qpdmjt,['Awesome']
2019-01-04 17:14:57,Anyone know of any option to view the game tomorrow?,[]
2019-01-04 17:07:21,RT Here is the side we will be facing in tomorrow afternoon â¬‡ï¸ https://t.co/o0q3ogFbtu,[]
2019-01-04 17:06:01,"RT âš”ï¸ğŸ›¡ï¸ | Here is your team travelling to ğŸ‡®ğŸ‡¹ to face in the first game of 2âƒ£0âƒ£1âƒ£9âƒ£,â€¦",[]
2019-01-04 17:00:41,RT Attacking accuracy key as face in major clash with both sides looking to close gâ€¦,[]
2019-01-04 16:54:27,Attacking accuracy key as face in major clash with both sides looking toâ€¦ https://t.co/XBWIPC6tGA,[]
2019-01-04 16:49:54,Good luck guys,['Good']
2019-01-04 16:36:43,"Good luck guys. Letâ€™s start 2019 as we mean to go, strong and deteâ€¦ https://t.co/Xiae3yTLZX",['Good']
2019-01-04 16:33:36,RT Here is the side we will be facing in tomorrow afternoon â¬‡ï¸ https://t.co/o0q3ogFbtu,[]
2019-01-04 16:32:52,Match preview - Rd 13 H A 1 to ğŸ” Milestone - 50thâ€¦ https://t.co/l7X0WDiZC4,"['Match', 'Milestone']"
2019-01-04 16:20:11,RT Who would get your vote for of the Month award? https://t.co/hGwD6jkoqw,['Month']
2019-01-04 16:15:22,"RT 11 changes from the side that beat last week. If he comes off the bench for his first appearance,",[]
2019-01-04 16:12:30,RT Ross Iâ€™ve gave you a follow câ€¦,[]
2019-01-04 16:11:56,Ross Iâ€™ve gave youâ€¦ https://t.co/MWsibNviM2,['Ross']
2019-01-04 16:08:43,Who would get your vote for of the Month award? https://t.co/hGwD6jkoqw,['Month']
2019-01-04 15:54:43,RT ğŸ“° Preview v ğŸ•¹ï¸ Who's playing ğŸ“ˆ Who's in form ğŸ“º Where to watch ğŸ–±ï¸ Click here: https://tâ€¦,['Click']
2019-01-04 15:45:16,ğŸ“° Preview v ğŸ•¹ï¸ Who's playing ğŸ“ˆ Who's in form ğŸ“º Where to watch ğŸ–±ï¸ Click here:â€¦ https://t.co/3DWVv2sJkE,['Click']
2019-01-04 15:31:36,"RT âš”ï¸ğŸ›¡ï¸ | Here is your team travelling to ğŸ‡®ğŸ‡¹ to face in the first game of 2âƒ£0âƒ£1âƒ£9âƒ£,â€¦",[]
2019-01-04 15:22:34,"All the best to from Lucas, Dylan and hope you guys get back on track with a goodâ€¦ https://t.co/HxcUANRDNy","['Lucas', 'Dylan']"
2019-01-04 15:17:26,Id have swapped the centres...,[]
2019-01-04 15:17:20,Good luck guys ğŸ´ó §ó ¢ó ³ó £ó ´ó ¿,['Good']
2019-01-04 15:13:35,RT Dave Rennie makes 10 changes to team for Benetton clash -,"['Dave Rennie', 'Benetton']"
2019-01-04 15:12:50,RT In the latest edition of SCRUM - out now - former and stand-off spoke to,['SCRUM']
2019-01-04 15:12:32,"RT âš”ï¸ğŸ›¡ï¸ | Here is your team travelling to ğŸ‡®ğŸ‡¹ to face in the first game of 2âƒ£0âƒ£1âƒ£9âƒ£,â€¦",[]
2019-01-04 15:12:23,RT Changes aplenty for and ahead of this weekendâ€™s fixtures. havâ€¦,[]
2019-01-04 15:11:38,H Jones not listed as injured ğŸ¤”,['Jones']
2019-01-04 14:58:30,RT Changes aplenty for and ahead of this weekendâ€™s fixtures. havâ€¦,[]
2019-01-04 14:58:14,RT In the latest edition of SCRUM - out now - former and stand-off spoke to,['SCRUM']
2019-01-04 14:55:08,RT Loving the back of the van https://t.co/owHNGIâ€¦,[]
2019-01-04 14:54:03,RT games this weekend on Saturday: vs vs,[]
2019-01-04 14:49:52,Odds and sorts as they turn their attention to - swinno and Cummings in the raaaâ€¦ https://t.co/QkNZZa3XxC,[]
2019-01-04 14:34:32,"RT âš”ï¸ğŸ›¡ï¸ | Here is your team travelling to ğŸ‡®ğŸ‡¹ to face in the first game of 2âƒ£0âƒ£1âƒ£9âƒ£,â€¦",[]
2019-01-04 14:31:23,Good luck Mighty &amp; great to see getting a start ğŸ‘,"['Good', 'Mighty']"
2019-01-04 14:16:04,"RT âš”ï¸ğŸ›¡ï¸ | Here is your team travelling to ğŸ‡®ğŸ‡¹ to face in the first game of 2âƒ£0âƒ£1âƒ£9âƒ£,â€¦",[]
2019-01-04 14:06:30,https://t.co/ERW65VvyBX,[]
2019-01-04 14:03:33,https://t.co/52uw2Oqvgq,[]
2019-01-04 14:01:36,games this weekend on Saturday: vs vsâ€¦ https://t.co/YHITmMhO5D,[]
2019-01-04 13:52:22,RT WOTM | Don't forget to vote for your of the Month for December. Poll closes at 5pm today â¬‡ï¸ https://â€¦,['Month']
2019-01-04 13:43:27,"RT âš”ï¸ğŸ›¡ï¸ | Here is your team travelling to ğŸ‡®ğŸ‡¹ to face in the first game of 2âƒ£0âƒ£1âƒ£9âƒ£,â€¦",[]
2019-01-04 13:39:09,Here it is... Greg Peterson has left and signed with as a medical joker last wâ€¦ https://t.co/ecrPjloZrJ,['Greg Peterson']
2019-01-04 13:35:12,"Well, thereâ€™s that!",[]
2019-01-04 13:30:19,In my opinion internâ€¦ https://t.co/tq7cCWI593,[]
2019-01-04 13:28:08,"RT âš”ï¸ğŸ›¡ï¸ | Here is your team travelling to ğŸ‡®ğŸ‡¹ to face in the first game of 2âƒ£0âƒ£1âƒ£9âƒ£,â€¦",[]
2019-01-04 13:27:28,"RT âš”ï¸ğŸ›¡ï¸ | Here is your team travelling to ğŸ‡®ğŸ‡¹ to face in the first game of 2âƒ£0âƒ£1âƒ£9âƒ£,â€¦",[]
2019-01-04 13:26:49,RT Ryan Wilson will captain a side which shows 10 changes from the team which lost to last weâ€¦,['Wilson']
2019-01-04 13:26:26,"RT 11 changes from the side that beat last week. If he comes off the bench for his first appearance,",[]
2019-01-04 13:26:07,Cmon the warriors!!,[]
2019-01-04 13:26:05,Peterson has left and signed for Bordeaux in,"['Peterson', 'Bordeaux']"
2019-01-04 13:22:11,"11 changes from the side that beat last week. If he comes off the bench for his first appearance,â€¦ https://t.co/V5DTbWzjRe",[]
2019-01-04 13:17:13,RT In the latest edition of SCRUM - out now - former and stand-off spoke to,['SCRUM']
2019-01-04 13:16:13,Ryan Wilson will captain a side which shows 10 changes from the team which lost to https://t.co/VsatnfGoER,"['Ryan', 'Wilson']"
2019-01-04 13:15:02,RT Changes aplenty for and ahead of this weekendâ€™s fixtures. havâ€¦,[]
2019-01-04 13:14:32,RT Dave Rennie makes 10 changes to team for Benetton clash -,"['Dave Rennie', 'Benetton']"
2019-01-04 13:13:28,"RT Teams: Jackson, Nairn, McDowall and Johnson come in to the back line https://t.co/qwvVYbâ€¦","['Jackson', 'Nairn', 'McDowall', 'Johnson']"
2019-01-04 13:13:18,What Happen with Nick Grigg? Does he injuried?,"['Happen', 'Nick Grigg']"
2019-01-04 13:12:39,I love that 2 is broadcasting the v match 9am ET tomorrow mornâ€¦ https://t.co/7vboXdRXdr,[]
2019-01-04 13:12:22,RT Here is the side we will be facing in tomorrow afternoon â¬‡ï¸ https://t.co/o0q3ogFbtu,[]
2019-01-04 13:11:44,RT In the latest edition of SCRUM - out now - former and stand-off spoke to,['SCRUM']
2019-01-04 12:51:01,"RT âš”ï¸ğŸ›¡ï¸ | Here is your team travelling to ğŸ‡®ğŸ‡¹ to face in the first game of 2âƒ£0âƒ£1âƒ£9âƒ£,â€¦",[]
2019-01-04 12:45:07,"RT âš”ï¸ğŸ›¡ï¸ | Here is your team travelling to ğŸ‡®ğŸ‡¹ to face in the first game of 2âƒ£0âƒ£1âƒ£9âƒ£,â€¦",[]
2019-01-04 12:42:56,RT Dave Rennie makes 10 changes to team for Benetton clash -,"['Dave Rennie', 'Benetton']"
2019-01-04 12:42:48,RT In the latest edition of SCRUM - out now - former and stand-off spoke to,['SCRUM']
2019-01-04 12:38:39,"RT Teams: Jackson, Nairn, McDowall and Johnson come in to the back line https://t.co/qwvVYbâ€¦","['Jackson', 'Nairn', 'McDowall', 'Johnson']"
2019-01-04 12:34:15,"RT Teams: Jackson, Nairn, McDowall and Johnson come in to the back line https://t.co/qwvVYbâ€¦","['Jackson', 'Nairn', 'McDowall', 'Johnson']"
2019-01-04 12:33:46,"RT Teams: Jackson, Nairn, McDowall and Johnson come in to the back line https://t.co/qwvVYbâ€¦","['Jackson', 'Nairn', 'McDowall', 'Johnson']"
2019-01-04 12:33:40,"Teams: Jackson, Nairn, McDowall and Johnson come in to the back lineâ€¦ https://t.co/ENPLBjrZPD","['Jackson', 'Nairn', 'McDowall', 'Johnson']"
2019-01-04 12:30:52,RT In the latest edition of SCRUM - out now - former and stand-off spoke to,['SCRUM']
2019-01-04 12:30:11,In the latest edition of SCRUM - out now - former and stand-off spoke toâ€¦ https://t.co/Sph6VnS9E0,['SCRUM']
2019-01-04 12:29:49,RT Changes aplenty for and ahead of this weekendâ€™s fixtures. havâ€¦,[]
2019-01-04 12:29:19,Changes aplenty for and ahead of this weekendâ€™s fixtures. Edinburgâ€¦ https://t.co/THHHJB1npn,[]
2019-01-04 12:19:25,"RT FULL STORY ğŸ“° | Sam Johnson returns to starting line-up v tomorrow, live on",['Sam Johnson']
2019-01-04 12:19:16,Letâ€™s get the title challenge back on track! Good luck!,[]
2019-01-04 12:07:51,"RT FULL STORY ğŸ“° | Sam Johnson returns to starting line-up v tomorrow, live on",['Sam Johnson']
2019-01-04 12:05:07,"RT âš”ï¸ğŸ›¡ï¸ | Here is your team travelling to ğŸ‡®ğŸ‡¹ to face in the first game of 2âƒ£0âƒ£1âƒ£9âƒ£,â€¦",[]
2019-01-04 12:04:43,Dave Rennie makes 10 changes to team for Benetton clash - https://t.co/SML39Br6y3,"['Dave', 'Rennie', 'Benetton']"
2019-01-04 12:00:09,"RT âš”ï¸ğŸ›¡ï¸ | Here is your team travelling to ğŸ‡®ğŸ‡¹ to face in the first game of 2âƒ£0âƒ£1âƒ£9âƒ£,â€¦",[]
2019-01-04 11:59:28,Yeah but got no money at all! You can come down and watch it?,[]
2019-01-04 11:59:02,Our opposition! https://t.co/KgqEEmxqDH,[]
2019-01-04 11:56:28,"RT âš”ï¸ğŸ›¡ï¸ | Here is your team travelling to ğŸ‡®ğŸ‡¹ to face in the first game of 2âƒ£0âƒ£1âƒ£9âƒ£,â€¦",[]
2019-01-04 11:54:42,"RT âš”ï¸ğŸ›¡ï¸ | Here is your team travelling to ğŸ‡®ğŸ‡¹ to face in the first game of 2âƒ£0âƒ£1âƒ£9âƒ£,â€¦",[]
2019-01-04 11:51:47,"RT âš”ï¸ğŸ›¡ï¸ | Here is your team travelling to ğŸ‡®ğŸ‡¹ to face in the first game of 2âƒ£0âƒ£1âƒ£9âƒ£,â€¦",[]
2019-01-04 11:50:10,"RT âš”ï¸ğŸ›¡ï¸ | Here is your team travelling to ğŸ‡®ğŸ‡¹ to face in the first game of 2âƒ£0âƒ£1âƒ£9âƒ£,â€¦",[]
2019-01-04 11:49:59,"RT âš”ï¸ğŸ›¡ï¸ | Here is your team travelling to ğŸ‡®ğŸ‡¹ to face in the first game of 2âƒ£0âƒ£1âƒ£9âƒ£,â€¦",[]
2019-01-04 11:49:24,"Great team, letâ€™s try and win ğŸ‘ğŸ´ó §ó ¢ó ³ó £ó ´ó ¿",['Great']
2019-01-04 11:48:23,"RT âš”ï¸ğŸ›¡ï¸ | Here is your team travelling to ğŸ‡®ğŸ‡¹ to face in the first game of 2âƒ£0âƒ£1âƒ£9âƒ£,â€¦",[]
2019-01-04 11:47:06,"RT âš”ï¸ğŸ›¡ï¸ | Here is your team travelling to ğŸ‡®ğŸ‡¹ to face in the first game of 2âƒ£0âƒ£1âƒ£9âƒ£,â€¦",[]
2019-01-04 11:46:45,"RT âš”ï¸ğŸ›¡ï¸ | Here is your team travelling to ğŸ‡®ğŸ‡¹ to face in the first game of 2âƒ£0âƒ£1âƒ£9âƒ£,â€¦",[]
2019-01-04 11:36:45,RT There are now fewer than 2ï¸âƒ£0ï¸âƒ£0ï¸âƒ£ tickets left for our massive match against at Scotstouâ€¦,[]
2019-01-04 11:04:37,Great names &amp; personalities there ğŸ‘,['Great']
2019-01-04 10:41:56,fancy it?,[]
2019-01-04 09:04:51,RT There are now fewer than 2ï¸âƒ£0ï¸âƒ£0ï¸âƒ£ tickets left for our massive match against at Scotstouâ€¦,[]
2019-01-04 09:02:55,https://t.co/IwVnK4TDq4,[]
2019-01-04 09:02:51,And that you indeed do m8.,[]
2019-01-04 09:02:42,RT,[]
2019-01-04 09:01:53,RT Can anyone help with the best bits of history? Happiness is Egg Shaped,['Egg Shaped']
2019-01-04 09:01:43,https://t.co/FCi0QcXxEn,[]
2019-01-04 08:57:04,Can anyone help with the best bits of history? Happiness is Egg Shaped https://t.co/WOaBtwc30c,['Egg Shaped']
2019-01-04 08:06:10,RT There are now fewer than 2ï¸âƒ£0ï¸âƒ£0ï¸âƒ£ tickets left for our massive match against at Scotstouâ€¦,[]
2019-01-04 08:01:14,"I have my tickets sorted, COYW",['COYW']
2019-01-04 07:59:15,and his inspiration commentary of RUGBY games + HAWICK BALLS and wiâ€¦ https://t.co/rI440WJFyl,"['RUGBY', 'HAWICK']"
2019-01-04 01:42:54,RT ESPN's first live match via linear cable will be on ESPN 2: v. 9AM ET.,['ESPN']
2019-01-03 23:30:17,So really ESPNNews is ESPN 2.5...,"['ESPNNews', 'ESPN']"
2019-01-03 23:28:14,They had one on ESPNNews the other week. I believe it was and,[]
2019-01-03 20:26:00,RT Just going to leave this here,[]
2019-01-03 20:16:12,RT Tim Swinton speaks,['Swinton']
2019-01-03 20:05:39,RT Loving the back of the van https://t.co/owHNGIâ€¦,[]
2019-01-03 19:59:09,RT Loving the back of the van https://t.co/owHNGIâ€¦,[]
2019-01-03 19:42:31,"Thanks Morgan. Iâ€™ll continue to try to provide entertainment, insiâ€¦ https://t.co/0dcJKM60rR",[]
2019-01-03 18:30:30,Loving the back of the van https://t.co/owHNGI8kTV,[]
2019-01-03 18:03:51,RT Just going to leave this here,[]
2019-01-03 17:33:25,RT BREAKING | The University of Strathclyde has teamed up with to promote their rugby programme and as pâ€¦,"['University', 'Strathclyde']"
2019-01-03 17:23:31,RT Good luck against today https://t.co/PZoBDn2Mgo,[]
2019-01-03 17:23:23,RT Thanks again for coming along to support us today Sam! https://t.co/r9uDRONSat,['Sam']
2019-01-03 16:41:25,RT are out to put right their set piece woes when they return to action on Saturdâ€¦,[]
2019-01-03 16:08:10,RT Just going to leave this here,[]
2019-01-03 14:58:13,ESPN's first live match via linear cable will be on ESPN 2: v. 9AM ET.,"['ESPN', 'ESPN']"
2019-01-03 12:32:08,George Horne ğŸ‘ğŸ‰,"['George', 'Horne']"
2019-01-03 12:26:45,RT are out to put right their set piece woes when they return to action on Saturdâ€¦,[]
2019-01-03 12:07:08,well done,[]
2019-01-03 11:50:42,RT are out to put right their set piece woes when they return to action on Saturdâ€¦,[]
2019-01-03 11:02:47,Check out how our partnership has helped expand our business visited our HQ to celebrateâ€¦ https://t.co/nQ3WX5hRuy,[]
2019-01-03 10:13:04,Indeed. We don't usually let 14 year-olds go to gyms bâ€¦ https://t.co/OFVR2qclqm,[]
2019-01-03 10:09:21,Exciting - thereâ€™s an interesting duty of care/consâ€¦ https://t.co/h3ubASCjci,[]
2019-01-03 10:05:48,RT Just going to leave this here,[]
2019-01-03 09:45:46,RT are out to put right their set piece woes when they return to action on Saturdâ€¦,[]
2019-01-03 09:44:23,are out to put right their set piece woes when they return to action on Sâ€¦ https://t.co/t9jtIQMxu2,[]
2019-01-03 08:49:13,RT Just going to leave this here,[]
2019-01-03 08:32:56,"Off to vs next weekend in ğŸ´ó §ó ¢ó ³ó £ó ´ó ¿, cannot wait!",[]
2019-01-03 08:31:17,RT Just going to leave this here,[]
2019-01-03 07:31:03,ğŸš¨Pacey Performance Podcast Pro rugby player Rob Harley talks... ğŸ‰S&amp;C from a players perspeâ€¦ https://t.co/I9LUSEtbro,['Rob Harley']
2019-01-03 06:04:22,RT Tim Swinton speaks,['Swinton']
2019-01-03 05:54:06,RT Tim Swinton speaks,['Swinton']
2019-01-03 00:18:26,RT Just going to leave this here,[]
