2019-01-05 23:57:48,RT FT | get the bonus-point win over after scoring six tries in an enthralling contest at BT Muâ€¦,['BT']
2019-01-05 23:56:32,RT 5âƒ£ points in the bag &amp; still unbeaten at BT this season. ğŸ’ª Thank you for your support ğŸ‘ https:/â€¦,['BT']
2019-01-05 23:47:15,Oh that's a good look ğŸ’™ğŸ§¡ https://t.co/DGHi7pdBkh,[]
2019-01-05 23:44:38,"RT ğŸ—£ï¸ ""It's a dream come true and it's everything I've ever wanted."" George Taylor reflects on making his home debut in tâ€¦",['George Taylor']
2019-01-05 23:44:31,RT 5âƒ£ points in the bag &amp; still unbeaten at BT this season. ğŸ’ª Thank you for your support ğŸ‘ https:/â€¦,['BT']
2019-01-05 23:44:22,Clinical performance that wouldn't have always been the case in the past. â¬†ï¸ 0 poiâ€¦ https://t.co/X9zXy1rmZg,['Clinical']
2019-01-05 23:44:21,RT FT | get the bonus-point win over after scoring six tries in an enthralling contest at BT Muâ€¦,['BT']
2019-01-05 23:43:00,Cheers pal,[]
2019-01-05 23:40:41,I think this says more about the attitude at right now than the win itâ€™s self ğŸ´ó §ó ¢ó ³ó £ó ´ó ¿ğŸ˜ğŸ™ŒğŸ»ğŸ™ŒğŸ»,[]
2019-01-05 23:39:58,"RT ğŸ—£ï¸ ""It's a dream come true and it's everything I've ever wanted."" George Taylor reflects on making his home debut in tâ€¦",['George Taylor']
2019-01-05 23:35:10,RT Special night for these young fellas! ğŸ‘ğŸ‘ ğŸ”·ğŸ”¶ https://t.co/tu0yCchkzU,[]
2019-01-05 23:33:36,Mission Accomplished for https://t.co/krzl5B2cZV,"['Mission', 'Accomplished']"
2019-01-05 23:32:32,"RT ğŸ—£ï¸ ""It's a dream come true and it's everything I've ever wanted."" George Taylor reflects on making his home debut in tâ€¦",['George Taylor']
2019-01-05 23:31:47,RT Special night for these young fellas! ğŸ‘ğŸ‘ ğŸ”·ğŸ”¶ https://t.co/tu0yCchkzU,[]
2019-01-05 23:31:28,RT Special night for these young fellas! ğŸ‘ğŸ‘ ğŸ”·ğŸ”¶ https://t.co/tu0yCchkzU,[]
2019-01-05 23:29:12,Good win for in the and good fun with the team. Now time for ğŸ’¤ https://t.co/e51rhiT7z9,['Good']
2019-01-05 23:26:33,RT FT | get the bonus-point win over after scoring six tries in an enthralling contest at BT Muâ€¦,['BT']
2019-01-05 23:23:25,Great home debut ğŸ‘ğŸ‘,['Great']
2019-01-05 23:22:09,RT FT | get the bonus-point win over after scoring six tries in an enthralling contest at BT Muâ€¦,['BT']
2019-01-05 23:16:07,Nothing better than a nippy winters night watching at,[]
2019-01-05 23:14:36,"RT This evening, D.O. Lucy &amp; Coach Annabel attended the 2nd workshop in the regional mentoring programme. The session revoâ€¦","['Lucy', 'Coach Annabel']"
2019-01-05 23:13:35,RT 5âƒ£ points in the bag &amp; still unbeaten at BT this season. ğŸ’ª Thank you for your support ğŸ‘ https:/â€¦,['BT']
2019-01-05 23:13:32,RT A few images from the match between v for,[]
2019-01-05 23:11:52,A few images from the match between v forâ€¦ https://t.co/J6xZ4Q80Fo,[]
2019-01-05 23:11:45,RT 5âƒ£0âƒ£ up for Big Bill! ğŸ‘ğŸ‡«ğŸ‡¯ ğŸ”·ğŸ”¶ https://t.co/XqS1FISg6A,['Big Bill']
2019-01-05 23:11:04,RT Special night for these young fellas! ğŸ‘ğŸ‘ ğŸ”·ğŸ”¶ https://t.co/tu0yCchkzU,[]
2019-01-05 23:11:01,Some result boys! Well done https://t.co/rIvIOnabPQ,[]
2019-01-05 23:08:59,RT Fantastic win for in tonights clash with More picâ€¦,[]
2019-01-05 23:07:31,Key figure from this is the â€œnilâ€ after the opposition!,['Key']
2019-01-05 23:07:25,As is the venue!,[]
2019-01-05 23:06:59,RT Fantastic win for in tonights clash with More picâ€¦,[]
2019-01-05 23:04:02,Still prefer Gunners!,[]
2019-01-05 23:03:24,Was nice to watch the rugby boys out playing tonight and I thought they played well I must say the ladâ€¦ https://t.co/lSM9X2PQlG,['Was']
2019-01-05 23:02:41,Great night - weâ€™ll played ğŸ‰ğŸ‰ğŸ‰ğŸ‘ğŸ‘ğŸ‘. Nice bonus point win and great banter in the bar afterwards.â€¦ https://t.co/iHBqoi8yZg,"['Great', 'Nice']"
2019-01-05 23:02:39,RT FT | get the bonus-point win over after scoring six tries in an enthralling contest at BT Muâ€¦,['BT']
2019-01-05 23:00:56,RT FT | get the bonus-point win over after scoring six tries in an enthralling contest at BT Muâ€¦,['BT']
2019-01-05 23:00:22,Fantastic win for in tonights clash with Moreâ€¦ https://t.co/hexSSunxOM,['Fantastic']
2019-01-05 22:56:40,RT 54' | Charlie Shiel replaces Fowles at scrum-half to make his debut! ğŸ‘ [31-0],"['Charlie Shiel', 'Fowles']"
2019-01-05 22:55:28,Superb win for Try bonus point âœ… No points conceded âœ… Second in the table âœ… Congrats toâ€¦ https://t.co/g0UtzBckFs,"['Superb', 'Try', 'Congrats']"
2019-01-05 22:54:54,RT Special night for these young fellas! ğŸ‘ğŸ‘ ğŸ”·ğŸ”¶ https://t.co/tu0yCchkzU,[]
2019-01-05 22:54:49,"Well hello boys! Rugby, you say!",['Rugby']
2019-01-05 22:54:22,Yass,['Yass']
2019-01-05 22:52:30,"Well done lads, you both played very well in a great all round team performance. Amazing future ahead of you!!",[]
2019-01-05 22:52:06,RT After a blistering start proved too much for to handle as they ran out 38-0 winners atâ€¦,[]
2019-01-05 22:51:11,Did us proud ğŸ§¡ğŸ’™,[]
2019-01-05 22:50:22,Good game gentlemen ğŸ’™ğŸ§¡,['Good']
2019-01-05 22:50:05,Looking forward to seeing Charlie Shiels battle with George Horne for that jersâ€¦ https://t.co/7sEdCx5WmB,"['Charlie Shiels', 'George Horne']"
2019-01-05 22:49:45,RT Special night for these young fellas! ğŸ‘ğŸ‘ ğŸ”·ğŸ”¶ https://t.co/tu0yCchkzU,[]
2019-01-05 22:49:05,Congratulations to them ğŸ‘âœ…,[]
2019-01-05 22:48:57,RT Special night for these young fellas! ğŸ‘ğŸ‘ ğŸ”·ğŸ”¶ https://t.co/tu0yCchkzU,[]
2019-01-05 22:48:43,RT Special night for these young fellas! ğŸ‘ğŸ‘ ğŸ”·ğŸ”¶ https://t.co/tu0yCchkzU,[]
2019-01-05 22:48:42,RT Special night for these young fellas! ğŸ‘ğŸ‘ ğŸ”·ğŸ”¶ https://t.co/tu0yCchkzU,[]
2019-01-05 22:46:46,"Great performance, but hardly an enthralling contest! Good performaâ€¦ https://t.co/au34bpCfl6",['Great']
2019-01-05 22:45:21,More than solid. Bright future,['Bright']
2019-01-05 22:45:02,and people talk about the premiership being close this year!,[]
2019-01-05 22:40:15,RT 5âƒ£0âƒ£ up for Big Bill! ğŸ‘ğŸ‡«ğŸ‡¯ ğŸ”·ğŸ”¶ https://t.co/XqS1FISg6A,['Big Bill']
2019-01-05 22:38:58,"RT ğŸ—£ï¸ ""It's a dream come true and it's everything I've ever wanted."" George Taylor reflects on making his home debut in tâ€¦",['George Taylor']
2019-01-05 22:38:46,That should be ... ğŸ‰Another big win for - this time against in withâ€¦ https://t.co/Bn37JPZBoL,[]
2019-01-05 22:38:37,Is Duhan Van der Merve eligible for anytime soon? He is unreal,"['Duhan Van', 'Merve']"
2019-01-05 22:37:23,Kante how long are the Kings and Cheetahs going to take to â€˜acclimatisâ€¦ https://t.co/pP0UaQSsqJ,"['Kante', 'Kings', 'Cheetahs']"
2019-01-05 22:34:59,BONUS POINT VICTORY! ğŸ™ŒğŸ»ğŸ‰ ğŸ‰ begin 2019 with an impressive win against in theâ€¦ https://t.co/ncmfVSasnn,"['BONUS', 'POINT']"
2019-01-05 22:30:58,"RT ğŸ—£ï¸ ""It's a dream come true and it's everything I've ever wanted."" George Taylor reflects on making his home debut in tâ€¦",['George Taylor']
2019-01-05 22:29:08,RT FT | get the bonus-point win over after scoring six tries in an enthralling contest at BT Muâ€¦,['BT']
2019-01-05 22:28:01,"are on ğŸ”¥ ğŸ”¥ğŸ”¥ğŸ”¥ğŸ”¥ğŸ”¶ğŸ”·ğŸ”¶ğŸ”·. Another great win, well done.",[]
2019-01-05 22:25:28,RT FT | get the bonus-point win over after scoring six tries in an enthralling contest at BT Muâ€¦,['BT']
2019-01-05 22:24:23,"RT This evening, D.O. Lucy &amp; Coach Annabel attended the 2nd workshop in the regional mentoring programme. The session revoâ€¦","['Lucy', 'Coach Annabel']"
2019-01-05 22:23:46,"RT This evening, D.O. Lucy &amp; Coach Annabel attended the 2nd workshop in the regional mentoring programme. The session revoâ€¦","['Lucy', 'Coach Annabel']"
2019-01-05 22:23:42,Great win for you tbf!,['Great']
2019-01-05 22:22:51,As trips home go this was pretty excellent. Now if &amp; can work out a flight/match ticket câ€¦ https://t.co/rxAjxIwr9F,[]
2019-01-05 22:22:51,RT FT | get the bonus-point win over after scoring six tries in an enthralling contest at BT Muâ€¦,['BT']
2019-01-05 22:21:42,RT 75' | Great to hear chants of ED-IN-BRUH as the the match comes to a close at BT Your support has been briâ€¦,"['Great', 'BT']"
2019-01-05 22:21:35,RT After a solid display in both attack and defence is tonight's MOTM! ğŸ‘ğŸ… https://t.co/evAPâ€¦,['MOTM']
2019-01-05 22:21:28,RT 5âƒ£ points in the bag &amp; still unbeaten at BT this season. ğŸ’ª Thank you for your support ğŸ‘ https:/â€¦,['BT']
2019-01-05 22:21:25,RT 75' | Great to hear chants of ED-IN-BRUH as the the match comes to a close at BT Your support has been briâ€¦,"['Great', 'BT']"
2019-01-05 22:21:24,RT FT | get the bonus-point win over after scoring six tries in an enthralling contest at BT Muâ€¦,['BT']
2019-01-05 22:20:44,RT 5âƒ£ points in the bag &amp; still unbeaten at BT this season. ğŸ’ª Thank you for your support ğŸ‘ https:/â€¦,['BT']
2019-01-05 22:18:52,RT 5âƒ£ points in the bag &amp; still unbeaten at BT this season. ğŸ’ª Thank you for your support ğŸ‘ https:/â€¦,['BT']
2019-01-05 22:16:20,RT 5âƒ£ points in the bag &amp; still unbeaten at BT this season. ğŸ’ª Thank you for your support ğŸ‘ https:/â€¦,['BT']
2019-01-05 22:15:51,RT 5âƒ£ points in the bag &amp; still unbeaten at BT this season. ğŸ’ª Thank you for your support ğŸ‘ https:/â€¦,['BT']
2019-01-05 22:15:27,RT FT | get the bonus-point win over after scoring six tries in an enthralling contest at BT Muâ€¦,['BT']
2019-01-05 22:15:16,RT FT | get the bonus-point win over after scoring six tries in an enthralling contest at BT Muâ€¦,['BT']
2019-01-05 22:14:27,"This evening, D.O. Lucy &amp; Coach Annabel attended the 2nd workshop in the regional mentoring programme. The sessionâ€¦ https://t.co/Id8MLKx6TS","['Lucy', 'Coach Annabel']"
2019-01-05 22:11:46,RT ğŸ”¹â™¦ï¸Our P6&amp;7 minis have also been in action this evening at BT as they played a game at half time on the mainâ€¦,['BT']
2019-01-05 22:11:34,RT now second in conference A ğŸ“‰ now second in Conference B ğŸ“ˆ https://t.co/ykZsNnZM4s,['Conference']
2019-01-05 22:11:24,RT ğŸ”·â™¦ï¸Our P5 miniâ€™s providing the guard of honour for this evening at BT what a occasion for thâ€¦,['BT']
2019-01-05 22:11:00,RT ğŸ‰Another Big wim for - this time against in with a number of youngstersâ€¦,[]
2019-01-05 22:10:35,Keeping them to zero was very pleasing well played boys,[]
2019-01-05 22:10:30,ğŸ‰Another Big wim for - this time against in with a number of youngsâ€¦ https://t.co/Qo6GXy0RdL,[]
2019-01-05 22:09:01,RT FT | get the bonus-point win over after scoring six tries in an enthralling contest at BT Muâ€¦,['BT']
2019-01-05 22:07:18,Great win,['Great']
2019-01-05 22:04:12,Will make the 6N selections interesting....,[]
2019-01-05 22:02:08,"Having just watched Racing v Toulon, I canâ€™t help but think https://t.co/s2jcZLhciz",['Toulon']
2019-01-05 22:00:46,Darcy Graham is growing up fast and will give a really nice option on theâ€¦ https://t.co/LIyAB87ZKI,"['Darcy', 'Graham']"
2019-01-05 22:00:16,RT FT | get the bonus-point win over after scoring six tries in an enthralling contest at BT Muâ€¦,['BT']
2019-01-05 21:58:19,RT FT | get the bonus-point win over after scoring six tries in an enthralling contest at BT Muâ€¦,['BT']
2019-01-05 21:58:12,List all the players who have gotten game time this year who are 23 andâ€¦ https://t.co/jRjZ74ouOt,['List']
2019-01-05 21:57:05,RT After a blistering start proved too much for to handle as they ran out 38-0 winners atâ€¦,[]
2019-01-05 21:56:24,RT After a solid display in both attack and defence is tonight's MOTM! ğŸ‘ğŸ… https://t.co/evAPâ€¦,['MOTM']
2019-01-05 21:56:21,RT FT | get the bonus-point win over after scoring six tries in an enthralling contest at BT Muâ€¦,['BT']
2019-01-05 21:55:49,Depends on your criteria really. Maybe they should have (2) head to heads to decide?,[]
2019-01-05 21:54:55,First match of 2019 and a smashing win against Southern Kings... still undefeated at home ğŸ”¶ï¸ğŸ”·ï¸â€¦ https://t.co/0t91zppoym,"['First', 'Southern']"
2019-01-05 21:54:21,RT Dougie Fife was the Man of the Match as overcame at Here he isâ€¦,"['Dougie Fife', 'Match']"
2019-01-05 21:53:22,RT FT | get the bonus-point win over after scoring six tries in an enthralling contest at BT Muâ€¦,['BT']
2019-01-05 21:51:38,good times for rugby hey ğŸ‘ğŸ»ğŸ™ŒğŸ»,[]
2019-01-05 21:51:17,RT Dougie Fife was the Man of the Match as overcame at Here he isâ€¦,"['Dougie Fife', 'Match']"
2019-01-05 21:51:14,RT 64' | TRY! | It's score number 6âƒ£ as replacement Cammy Fenton finishes off a sweeping move involving Ally Miller and Shâ€¦,"['TRY', 'Cammy Fenton', 'Ally Miller']"
2019-01-05 21:51:01,Dougie Fife was the Man of the Match as overcame at Here hâ€¦ https://t.co/Wi6jJfCud4,"['Dougie', 'Fife', 'Match']"
2019-01-05 21:50:21,Excellent performances from some of the players coming in tonight - great to see aâ€¦ https://t.co/iNPgiXoLIS,[]
2019-01-05 21:47:52,"Fair play - Richard Cockerill and his coaching staff, are doing a mighty fine job at Theyâ€™ve gotâ€¦ https://t.co/ttiDgkoiQ3","['Fair', 'Richard Cockerill']"
2019-01-05 21:46:37,"are really struggling. Hastings will come good, but playeâ€¦ https://t.co/oktZ1r3E68",[]
2019-01-05 21:45:57,RT FT | get the bonus-point win over after scoring six tries in an enthralling contest at BT Muâ€¦,['BT']
2019-01-05 21:44:50,RT FT | get the bonus-point win over after scoring six tries in an enthralling contest at BT Muâ€¦,['BT']
2019-01-05 21:44:49,"incredible performance tonight, well deserved bagel. Fantastic string of results recently. Keep 'em coming ğŸ’ª",[]
2019-01-05 21:42:13,Everywhere.... exactly right. Great team performance showing strength-in-depth. Teâ€¦ https://t.co/puxwYGE5m9,['Great']
2019-01-05 21:41:23,RT FT | get the bonus-point win over after scoring six tries in an enthralling contest at BT Muâ€¦,['BT']
2019-01-05 21:41:07,REPORT: punished a sloppy performance from the to claim a 38-0 bonus-point win atâ€¦ https://t.co/N6shAXA2U6,[]
2019-01-05 21:40:28,RT After a blistering start proved too much for to handle as they ran out 38-0 winners atâ€¦,[]
2019-01-05 21:40:16,After a blistering start proved too much for to handle as they ran out 38-0 winnerâ€¦ https://t.co/5065NeNNyo,[]
2019-01-05 21:39:57,RT now second in conference A ğŸ“‰ now second in Conference B ğŸ“ˆ https://t.co/ykZsNnZM4s,['Conference']
2019-01-05 21:39:42,"Wow. Just wow. What a match, what a display. Boys were absolutely on fire!!! ğŸ˜ğŸ”¥ğŸ‘ŒğŸ¼ğŸ‰ Well done ğŸ”·ğŸ”¶","['Wow', 'Boys']"
2019-01-05 21:39:27,RT 54' | Charlie Shiel replaces Fowles at scrum-half to make his debut! ğŸ‘ [31-0],"['Charlie Shiel', 'Fowles']"
2019-01-05 21:39:25,Well done to and on the wins. :),[]
2019-01-05 21:38:45,now second in conference A ğŸ“‰ now second in Conference B ğŸ“ˆ https://t.co/ykZsNnZM4s,['Conference']
2019-01-05 21:38:21,RT After a solid display in both attack and defence is tonight's MOTM! ğŸ‘ğŸ… https://t.co/evAPâ€¦,['MOTM']
2019-01-05 21:38:14,"Itâ€™s easy to condemn the Kings, but have a good attitude under their current coaching regâ€¦ https://t.co/ibv45AAm4R",['Kings']
2019-01-05 21:38:12,RT FT | get the bonus-point win over after scoring six tries in an enthralling contest at BT Muâ€¦,['BT']
2019-01-05 21:38:09,RT 75' | Great to hear chants of ED-IN-BRUH as the the match comes to a close at BT Your support has been briâ€¦,"['Great', 'BT']"
2019-01-05 21:38:06,RT FT | get the bonus-point win over after scoring six tries in an enthralling contest at BT Muâ€¦,['BT']
2019-01-05 21:38:04,RT After a solid display in both attack and defence is tonight's MOTM! ğŸ‘ğŸ… https://t.co/evAPâ€¦,['MOTM']
2019-01-05 21:37:53,RT 64' | TRY! | It's score number 6âƒ£ as replacement Cammy Fenton finishes off a sweeping move involving Ally Miller and Shâ€¦,"['TRY', 'Cammy Fenton', 'Ally Miller']"
2019-01-05 21:37:28,Great to see make such a positive impact on his debut! ğŸ‘ğŸ»ğŸ‘ğŸ» https://t.co/PvEr0UYTJ5,['Great']
2019-01-05 21:37:24,RT 54' | Charlie Shiel replaces Fowles at scrum-half to make his debut! ğŸ‘ [31-0],"['Charlie Shiel', 'Fowles']"
2019-01-05 21:37:17,RT FT | get the bonus-point win over after scoring six tries in an enthralling contest at BT Muâ€¦,['BT']
2019-01-05 21:37:01,A positive for our guests tonight fans. https://t.co/eUlgBqThj5,[]
2019-01-05 21:36:57,RT 75' | Great to hear chants of ED-IN-BRUH as the the match comes to a close at BT Your support has been briâ€¦,"['Great', 'BT']"
2019-01-05 21:36:09,A another great win for what a Christmas itâ€™s been. Retaining the 1872 Cup with two wins over Glasâ€¦ https://t.co/hXikXItkqp,[]
2019-01-05 21:36:01,RT 54' | Charlie Shiel replaces Fowles at scrum-half to make his debut! ğŸ‘ [31-0],"['Charlie Shiel', 'Fowles']"
2019-01-05 21:35:42,RT Great to see back in an shirt after a lay off with injury. Nice try too!! Great to see yâ€¦,[]
2019-01-05 21:35:42,RT FT | get the bonus-point win over after scoring six tries in an enthralling contest at BT Muâ€¦,['BT']
2019-01-05 21:35:41,Ok the kings hadnt played together for 4 weeks but neither had thatâ€¦ https://t.co/ORwLFfX9hR,[]
2019-01-05 21:35:38,RT 46' | TRY! | Big Simon Berghan hits a sumptuous line to score his first EVER try for Hickey is unsuccessfulâ€¦,"['TRY', 'Simon Berghan', 'Hickey']"
2019-01-05 21:35:11,RT FT | get the bonus-point win over after scoring six tries in an enthralling contest at BT Muâ€¦,['BT']
2019-01-05 21:33:10,RT FT | get the bonus-point win over after scoring six tries in an enthralling contest at BT Muâ€¦,['BT']
2019-01-05 21:33:08,RT After a solid display in both attack and defence is tonight's MOTM! ğŸ‘ğŸ… https://t.co/evAPâ€¦,['MOTM']
2019-01-05 21:33:02,RT 64' | TRY! | It's score number 6âƒ£ as replacement Cammy Fenton finishes off a sweeping move involving Ally Miller and Shâ€¦,"['TRY', 'Cammy Fenton', 'Ally Miller']"
2019-01-05 21:32:53,RT 46' | TRY! | Big Simon Berghan hits a sumptuous line to score his first EVER try for Hickey is unsuccessfulâ€¦,"['TRY', 'Simon Berghan', 'Hickey']"
2019-01-05 21:32:44,"RT HT | So far, so good as four scores have us in a commanding position at the break in tonight's encounterâ€¦",[]
2019-01-05 21:32:40,RT 40' | TRY! | That's the bonus point score as Rory Sutherland powers over from only inches out! Great patient play by thâ€¦,"['TRY', 'Rory Sutherland', 'Great']"
2019-01-05 21:32:14,RT 11' | TRY! | Darcy grabs another after patient build-up play from the backline puts the winger away in the corner. Hickâ€¦,"['TRY', 'Darcy']"
2019-01-05 21:32:10,RT 7' | TRY! | ANOTHER! Darcy Graham finishes in the corner after a scintillating break up the middle from big Simon Berghâ€¦,"['TRY', 'Darcy Graham', 'Simon']"
2019-01-05 21:32:04,RT 4' | TRY! | It's a brilliant start from the boys as Dougie Fife finishes a sweeping backline attack involving Hickey anâ€¦,"['TRY', 'Dougie Fife', 'Hickey']"
2019-01-05 21:31:32,Hunter-Hill has been very good now thatâ€™s heâ€™s getting a run. Crosbie never disappâ€¦ https://t.co/OCtSHjXc7J,['Crosbie']
2019-01-05 21:31:27,A perfect start to the new year for ğŸ‘‰ https://t.co/uvXmBeI3dG https://t.co/tRq0EjoGu2,[]
2019-01-05 21:31:09,I canâ€™t help but feel are going to have a good draft for the side in a few weeks ğŸ´ó §ó ¢ó ³ó £ó ´ó ¿ğŸ¤â€¦ https://t.co/eP0hFAR5wQ,[]
2019-01-05 21:30:52,Another great result for my boys ğŸ’ªğŸ» https://t.co/3vKhz1HYE3,[]
2019-01-05 21:30:29,RT FT | get the bonus-point win over after scoring six tries in an enthralling contest at BT Muâ€¦,['BT']
2019-01-05 21:30:10,"Yes it is the kings, but this is a professional clinical win from a team on the serious up. Next stop, Toulon. Keâ€¦ https://t.co/ecBt39W6U2",['Toulon']
2019-01-05 21:29:39,Quality stuff men...awesome 2 watch ğŸ‘ğŸ»ğŸ‘ğŸ»ğŸ”·ï¸ğŸ”¶ï¸ğŸ”¥ https://t.co/o0I8VcHYVQ,['Quality']
2019-01-05 21:28:50,That's his happy face? ğŸ˜‚ just won 38-0. https://t.co/Q2BSUVmZUy,[]
2019-01-05 21:28:21,Get in !!!! ğŸ‘ğŸ»ğŸ‘ğŸ»ğŸ‘ğŸ»ğŸ‘ğŸ»ğŸ‘ğŸ»ğŸ‘ğŸ»ğŸ‘ğŸ»ğŸ‘ğŸ» https://t.co/UfEXoBY8KQ,[]
2019-01-05 21:27:47,RT FT | get the bonus-point win over after scoring six tries in an enthralling contest at BT Muâ€¦,['BT']
2019-01-05 21:27:46,Should have waited until the end of the mâ€¦ https://t.co/ui6PqtLYr4,[]
2019-01-05 21:27:25,FT 38-0 Southern Kings. Iâ€™m getting used to all the winning games.,['Southern Kings']
2019-01-05 21:26:06,RT FT | get the bonus-point win over after scoring six tries in an enthralling contest at BT Muâ€¦,['BT']
2019-01-05 21:24:40,RT FT | get the bonus-point win over after scoring six tries in an enthralling contest at BT Muâ€¦,['BT']
2019-01-05 21:24:37,RT FT | get the bonus-point win over after scoring six tries in an enthralling contest at BT Muâ€¦,['BT']
2019-01-05 21:24:30,RT FT | get the bonus-point win over after scoring six tries in an enthralling contest at BT Muâ€¦,['BT']
2019-01-05 21:24:00,brilliant game to watch well done on the win,[]
2019-01-05 21:23:45,Well Done https://t.co/hPCEoJ3jvz,[]
2019-01-05 21:22:41,"The pack might question that, very impressive without the bulk of their counteâ€¦ https://t.co/ZsZ4PCB7IB",[]
2019-01-05 21:22:16,RT After a solid display in both attack and defence is tonight's MOTM! ğŸ‘ğŸ… https://t.co/evAPâ€¦,['MOTM']
2019-01-05 21:22:08,Great to see back in an shirt after a lay off with injury. Nice try too!! Great to sâ€¦ https://t.co/EYQyOsfJ77,"['Great', 'Great']"
2019-01-05 21:21:36,RT ğŸ”·â™¦ï¸Our P5 miniâ€™s providing the guard of honour for this evening at BT what a occasion for thâ€¦,['BT']
2019-01-05 21:21:12,Hopefully the kick up tâ€¦ https://t.co/KlhYPMVsDI,[]
2019-01-05 21:20:56,RT Selected HT Stats: vs. ğŸ“Š ğŸ‘‰ https://t.co/uvXmBeI3dG https://t.co/YabehdIG4s,[]
2019-01-05 21:20:20,RT After a solid display in both attack and defence is tonight's MOTM! ğŸ‘ğŸ… https://t.co/evAPâ€¦,['MOTM']
2019-01-05 21:20:13,RT After a solid display in both attack and defence is tonight's MOTM! ğŸ‘ğŸ… https://t.co/evAPâ€¦,['MOTM']
2019-01-05 21:20:08,RT 75' | Great to hear chants of ED-IN-BRUH as the the match comes to a close at BT Your support has been briâ€¦,"['Great', 'BT']"
2019-01-05 21:20:04,RT 70' | We make our final change in the front-row as try-scorer Sutherland is replaced by Pierre Schoeman. [38-0],"['Sutherland', 'Pierre Schoeman']"
2019-01-05 21:18:38,Welcome back â¤ğŸ‰ğŸ‘,[]
2019-01-05 21:17:15,Thought both the young guys were excellent tonightğŸ‘ğŸ»ğŸ‘ğŸ»ğŸ‘ğŸ»ğŸ‘ğŸ»,[]
2019-01-05 21:17:15,RT 64' | TRY! | It's score number 6âƒ£ as replacement Cammy Fenton finishes off a sweeping move involving Ally Miller and Shâ€¦,"['TRY', 'Cammy Fenton', 'Ally Miller']"
2019-01-05 21:12:13,RT 59' | Another change in the front-row as Ford is replaced by Cammy Fenton! [31-0],"['Ford', 'Cammy Fenton']"
2019-01-05 21:11:52,RT 70' | We make our final change in the front-row as try-scorer Sutherland is replaced by Pierre Schoeman. [38-0],"['Sutherland', 'Pierre Schoeman']"
2019-01-05 21:11:18,Glad got those boots dirty!!!,['Glad']
2019-01-05 21:10:27,What a day to be a fan. Lose in win away at to top Conferenceâ€¦ https://t.co/D0ctMC0Mla,[]
2019-01-05 21:08:39,RT 67' | It's another change as double try-scorer Graham is replaced by Jaco van der Walt! The winger has put in some shifâ€¦,"['Jaco', 'Walt']"
2019-01-05 21:05:48,RT 67' | It's another change as double try-scorer Graham is replaced by Jaco van der Walt! The winger has put in some shifâ€¦,"['Jaco', 'Walt']"
2019-01-05 21:05:44,RT 64' | TRY! | It's score number 6âƒ£ as replacement Cammy Fenton finishes off a sweeping move involving Ally Miller and Shâ€¦,"['TRY', 'Cammy Fenton', 'Ally Miller']"
2019-01-05 21:05:42,"RT 62' | Scintillating from Darcy! ğŸ‘ The winger dodge, ducks and dives his way through the Kings defence before being dragâ€¦","['Darcy', 'Kings']"
2019-01-05 21:05:39,RT 59' | Another change in the front-row as Ford is replaced by Cammy Fenton! [31-0],"['Ford', 'Cammy Fenton']"
2019-01-05 21:04:06,5 games won in a row for,[]
2019-01-05 21:03:20,go on big man ğŸ¤™ğŸ¼ğŸ¤™ğŸ¼ğŸ¤™ğŸ¼,[]
2019-01-05 21:02:05,RT 64' | TRY! | It's score number 6âƒ£ as replacement Cammy Fenton finishes off a sweeping move involving Ally Miller and Shâ€¦,"['TRY', 'Cammy Fenton', 'Ally Miller']"
2019-01-05 21:02:02,63 mins Cameron Fenton Scores For Simon Hickey Converts Successfully To Increase The Lead 38-0,"['Cameron Fenton Scores', 'Simon Hickey Converts Successfully', 'Lead']"
2019-01-05 21:01:50,What a night for the - the work horses guiding to an emphatic victory at BT Murrayfâ€¦ https://t.co/XCH91ts8Zp,['BT']
2019-01-05 20:55:27,Genuine question for So you think might now be better then,['Genuine']
2019-01-05 20:55:18,RT 46' | TRY! | Big Simon Berghan hits a sumptuous line to score his first EVER try for Hickey is unsuccessfulâ€¦,"['TRY', 'Simon Berghan', 'Hickey']"
2019-01-05 20:55:10,RT 4âƒ£ tries and a bonus-point after 40 minutes... What a start to 2019! ğŸ¤© https://t.co/avSlWomayN,[]
2019-01-05 20:54:49,RT 57' | We make another change up-front as try-scorer Berghan is replaced by Pietro Ceccarelli. [31-0],"['Berghan', 'Pietro Ceccarelli']"
2019-01-05 20:54:46,RT 54' | Charlie Shiel replaces Fowles at scrum-half to make his debut! ğŸ‘ [31-0],"['Charlie Shiel', 'Fowles']"
2019-01-05 20:54:44,RT ğŸ“¸ Big Duhan has carried impressively so far as we hold a 31-0 lead at BT ğŸ’ª https://t.co/U3h1SRF8â€¦,['BT']
2019-01-05 20:54:35,RT 48' | We make the first change of the evening as Mata is replaced by Ally Miller in the back-row. [31-0],"['Mata', 'Ally Miller']"
2019-01-05 20:52:58,Best game has played for so far. Looking very like a NZ Second 5/8.,"['Best', 'NZ']"
2019-01-05 20:52:37,RT 46' | TRY! | Big Simon Berghan hits a sumptuous line to score his first EVER try for Hickey is unsuccessfulâ€¦,"['TRY', 'Simon Berghan', 'Hickey']"
2019-01-05 20:52:07,RT 54' | Charlie Shiel replaces Fowles at scrum-half to make his debut! ğŸ‘ [31-0],"['Charlie Shiel', 'Fowles']"
2019-01-05 20:49:21,RT ğŸ“¸ Big Duhan has carried impressively so far as we hold a 31-0 lead at BT ğŸ’ª https://t.co/U3h1SRF8â€¦,['BT']
2019-01-05 20:49:09,Lovely pass from Fowles.,['Fowles']
2019-01-05 20:46:53,RT 48' | We make the first change of the evening as Mata is replaced by Ally Miller in the back-row. [31-0],"['Mata', 'Ally Miller']"
2019-01-05 20:44:16,RT 46' | TRY! | Big Simon Berghan hits a sumptuous line to score his first EVER try for Hickey is unsuccessfulâ€¦,"['TRY', 'Simon Berghan', 'Hickey']"
2019-01-05 20:44:13,RT 43' | We start the second-half where we left off and continue to keep the foot on the gas. We win the penalty and Hickeâ€¦,[]
2019-01-05 20:44:10,RT 41' | We collect the restart and we're back underway at BT [26-0],['BT']
2019-01-05 20:44:07,RT 4âƒ£ tries and a bonus-point after 40 minutes... What a start to 2019! ğŸ¤© https://t.co/avSlWomayN,[]
2019-01-05 20:43:16,In the second half guys Simon Berghan And Simon Hickey Conversion Increase The Lead On 46 mins. 31-0,"['Simon Berghan', 'Simon Hickey', 'Lead']"
2019-01-05 20:43:04,RT 46' | TRY! | Big Simon Berghan hits a sumptuous line to score his first EVER try for Hickey is unsuccessfulâ€¦,"['TRY', 'Simon Berghan', 'Hickey']"
2019-01-05 20:42:36,RT Snuggling in for v on with &amp;,[]
2019-01-05 20:42:18,Yaaassss another prop scoring are surely going second in the conference,[]
2019-01-05 20:41:03,ğŸ”¹â™¦ï¸Our P6&amp;7 minis have also been in action this evening at BT as they played a game at half time on theâ€¦ https://t.co/e7huJIYcIR,['BT']
2019-01-05 20:39:17,RT 40' | TRY! | That's the bonus point score as Rory Sutherland powers over from only inches out! Great patient play by thâ€¦,"['TRY', 'Rory Sutherland', 'Great']"
2019-01-05 20:37:01,ğŸ”·â™¦ï¸Our P5 miniâ€™s providing the guard of honour for this evening at BT what a occasionâ€¦ https://t.co/74qNkqAk3W,['BT']
2019-01-05 20:36:59,RT 4âƒ£ tries and a bonus-point after 40 minutes... What a start to 2019! ğŸ¤© https://t.co/avSlWomayN,[]
2019-01-05 20:34:19,RT 40' | A powerful scrum from the pack wins us the penalty and Hickey nudges one deep into Kings territory! [19-0],"['Hickey', 'Kings']"
2019-01-05 20:34:17,RT 40' | TRY! | That's the bonus point score as Rory Sutherland powers over from only inches out! Great patient play by thâ€¦,"['TRY', 'Rory Sutherland', 'Great']"
2019-01-05 20:34:13,"RT HT | So far, so good as four scores have us in a commanding position at the break in tonight's encounterâ€¦",[]
2019-01-05 20:33:53,"RT HT: race into a 26 point lead and claim a bonus thanks to tries from Fife, Sutherland and double from Grâ€¦","['Fife', 'Sutherland']"
2019-01-05 20:33:28,RT HT 26-0 Southern Kings,['Southern Kings']
2019-01-05 20:33:25,"Freezing cold, but so far so good for against ğŸ¤for a good 2nd half!!!",[]
2019-01-05 20:33:15,RT 7' | TRY! | ANOTHER! Darcy Graham finishes in the corner after a scintillating break up the middle from big Simon Berghâ€¦,"['TRY', 'Darcy Graham', 'Simon']"
2019-01-05 20:32:51,HT 26-0 Southern Kings,['Southern Kings']
2019-01-05 20:32:09,More of the same in the 2nd cheers,[]
2019-01-05 20:32:01,Keep it going and post a big score.,[]
2019-01-05 20:31:54,Some first half pics from tonight's game So Far It Is 26-0 https://t.co/zGbU1QergK,[]
2019-01-05 20:31:10,Bonus points already secure for after a blistering start to the match against Tâ€¦ https://t.co/OByO9WCGbl,['Bonus']
2019-01-05 20:30:45,RT 11' | TRY! | Darcy grabs another after patient build-up play from the backline puts the winger away in the corner. Hickâ€¦,"['TRY', 'Darcy']"
2019-01-05 20:30:37,vs Southern Kings 26-0 HT ğŸ”¶ğŸ”· https://t.co/eTvau5OG6t,['Southern Kings']
2019-01-05 20:30:03,RT Plenty in store for these two tonight... ğŸ‘€ âœ… First home appearance for ğŸ¤” Debut for,['Debut']
2019-01-05 20:29:28,RT 11' | TRY! | Darcy grabs another after patient build-up play from the backline puts the winger away in the corner. Hickâ€¦,"['TRY', 'Darcy']"
2019-01-05 20:29:12,East stand be like....ğŸ™ŒğŸ»ğŸ™ŒğŸ»ğŸ™ŒğŸ» https://t.co/Hgy8GGrj2e,['East']
2019-01-05 20:28:49,RT 7' | TRY! | ANOTHER! Darcy Graham finishes in the corner after a scintillating break up the middle from big Simon Berghâ€¦,"['TRY', 'Darcy Graham', 'Simon']"
2019-01-05 20:28:19,Selected HT Stats: vs. ğŸ“Š ğŸ‘‰ https://t.co/uvXmBeI3dG https://t.co/YabehdIG4s,['HT']
2019-01-05 20:28:13,"RT HT | So far, so good as four scores have us in a commanding position at the break in tonight's encounterâ€¦",[]
2019-01-05 20:28:05,Looking good,[]
2019-01-05 20:25:53,"RT HT | So far, so good as four scores have us in a commanding position at the break in tonight's encounterâ€¦",[]
2019-01-05 20:25:30,RT 40' | TRY! | That's the bonus point score as Rory Sutherland powers over from only inches out! Great patient play by thâ€¦,"['TRY', 'Rory Sutherland', 'Great']"
2019-01-05 20:24:30,ğŸ‰ HT in and 26 points separate the sides after a dominant opening half from EDI 26-0â€¦ https://t.co/CMUUmx8YSh,['EDI']
2019-01-05 20:24:28,"Bonus point try for before half-time, job done âœ…",['Bonus']
2019-01-05 20:23:58,RT 40' | TRY! | That's the bonus point score as Rory Sutherland powers over from only inches out! Great patient play by thâ€¦,"['TRY', 'Rory Sutherland', 'Great']"
2019-01-05 20:23:38,RT 40' | TRY! | That's the bonus point score as Rory Sutherland powers over from only inches out! Great patient play by thâ€¦,"['TRY', 'Rory Sutherland', 'Great']"
2019-01-05 20:23:06,TRY EDINBURGH RUGBY!!!!!!!! Rory Sutherland Try and Simon Hickey Conversion HT 26-0â€¦ https://t.co/3h1tmyqBn7,"['TRY', 'EDINBURGH', 'Rory Sutherland Try', 'Simon Hickey']"
2019-01-05 20:22:37,"HT: race into a 26 point lead and claim a bonus thanks to tries from Fife, Sutherland and double frâ€¦ https://t.co/uj921hKrpI","['Fife', 'Sutherland']"
2019-01-05 20:22:07,Yesss bonus point try for,['Yesss']
2019-01-05 20:21:55,Outstanding Getting the try bonus before half time. At least one Scottish team is playing well at the moment!,['Scottish']
2019-01-05 20:20:44,Ask and you shall recieve,[]
2019-01-05 20:19:43,RT 11' | TRY! | Darcy grabs another after patient build-up play from the backline puts the winger away in the corner. Hickâ€¦,"['TRY', 'Darcy']"
2019-01-05 20:19:21,RT 7' | TRY! | ANOTHER! Darcy Graham finishes in the corner after a scintillating break up the middle from big Simon Berghâ€¦,"['TRY', 'Darcy Graham', 'Simon']"
2019-01-05 20:18:45,RT 4' | TRY! | It's a brilliant start from the boys as Dougie Fife finishes a sweeping backline attack involving Hickey anâ€¦,"['TRY', 'Dougie Fife', 'Hickey']"
2019-01-05 20:15:40,RT 37' | Our backline continues to impress as Fife secures the high ball before offloading to big Duhan who makes up the hâ€¦,['Fife']
2019-01-05 20:15:36,RT 32' | Brilliant from Fowles! The scrum-half dummies his way around the Kings fringe defence and brings us just shy of tâ€¦,"['Fowles', 'Kings']"
2019-01-05 20:15:33,"RT 30' | The visitors continue to battle hard after the early tries, but our defence has looked solid so far. We force theâ€¦",[]
2019-01-05 20:15:30,RT 26' | Tempers flare when Socino is hit late at the breakdown after winning the penalty. The referee calms down both setâ€¦,['Socino']
2019-01-05 20:15:21,RT 26' | Tempers flare when Socino is hit late at the breakdown after winning the penalty. The referee calms down both setâ€¦,['Socino']
2019-01-05 20:12:54,RT 32' | Brilliant from Fowles! The scrum-half dummies his way around the Kings fringe defence and brings us just shy of tâ€¦,"['Fowles', 'Kings']"
2019-01-05 20:11:04,I don't get why the 'Fine Rump' advert on the arse of players is acceptable. Would a châ€¦ https://t.co/sUlOzeEYpB,['Rump']
2019-01-05 20:09:26,"RT 30' | The visitors continue to battle hard after the early tries, but our defence has looked solid so far. We force theâ€¦",[]
2019-01-05 20:03:56,"Treviso are having a remarkable season. Great to see, although as an and supâ€¦ https://t.co/ryXnXiR8GV","['Treviso', 'Great']"
2019-01-05 20:01:19,RT ğŸ“¸ Dougie and Duhan celebrate after the fullback opened the scoring at BT this evening! [19-0] httâ€¦,"['Duhan', 'BT']"
2019-01-05 19:58:56,RT 11' | TRY! | Darcy grabs another after patient build-up play from the backline puts the winger away in the corner. Hickâ€¦,"['TRY', 'Darcy']"
2019-01-05 19:58:52,Get a grip 10 minutes without a try now ğŸ˜‚,[]
2019-01-05 19:58:04,At least know how to kill a game quick! This is beautifully clinical,[]
2019-01-05 19:57:25,RT ğŸ‰ TRY for Just 8 minutes gone in and this is already second tryğŸ˜¯ğŸ‘€ EDI 14-0â€¦,['EDI']
2019-01-05 19:56:49,"RT 19' | Unbelievable hands from the backline as Nathan Fowles, Darcy Graham and George Taylor link up to break free fromâ€¦","['Nathan Fowles', 'Darcy Graham', 'George Taylor']"
2019-01-05 19:56:43,"RT 18' | The Kings continue to build the phases inside our 22m, but our defence has been up for it so far. Some good hitsâ€¦",[]
2019-01-05 19:56:39,RT 15' | Great defence from the boys as we stop Kings in their tracks and win the penalty on our own whitewash! ğŸ’ª [19-0]â€¦,['Great']
2019-01-05 19:56:36,RT 14' | We concede the penalty inside our own half and the Kings kick to the corner. [19-0],['Kings']
2019-01-05 19:56:32,RT 11' | TRY! | Darcy grabs another after patient build-up play from the backline puts the winger away in the corner. Hickâ€¦,"['TRY', 'Darcy']"
2019-01-05 19:56:18,RT 7' | TRY! | ANOTHER! Darcy Graham finishes in the corner after a scintillating break up the middle from big Simon Berghâ€¦,"['TRY', 'Darcy Graham', 'Simon']"
2019-01-05 19:54:37,Come on and !!!ğŸ‰ğŸ‰ https://t.co/oVo3nmmmb3,[]
2019-01-05 19:52:07,Brilliant start by 19 points in 12 minutes. Great tries by Darcy (Graham) Bussell as I caâ€¦ https://t.co/IP03bfFKK4,"['Brilliant', 'Great', 'Darcy', 'Graham', 'Bussell']"
2019-01-05 19:51:36,ğŸ¤ hereâ€™s hoping,[]
2019-01-05 19:51:26,"Was in a bad mood after the woeful display from , bit undoing it in less than 12 mins .... :)",['Was']
2019-01-05 19:50:20,C'mon what a start!,[]
2019-01-05 19:49:52,https://t.co/hvcn41t1UV,[]
2019-01-05 19:49:28,Some start for and in particular ğŸ‰ğŸ‰,[]
2019-01-05 19:49:27,RT 11' | TRY! | Darcy grabs another after patient build-up play from the backline puts the winger away in the corner. Hickâ€¦,"['TRY', 'Darcy']"
2019-01-05 19:48:52,One Way Traffic At Darcy Graham Gets His Second Try And Simon Hickey Just Short With Conversionâ€¦ https://t.co/h76sYB866C,"['Darcy Graham', 'Try And Simon Hickey']"
2019-01-05 19:48:45,"What a sensational try scoring start from here at 12 mins gone, 19-0 up.",[]
2019-01-05 19:48:29,Heads up beating,['Heads']
2019-01-05 19:47:40,"RT Why then, my dear chap, I will snap you.",[]
2019-01-05 19:47:37,RT And so to to watch v and use my new zoom.....but no doubt willâ€¦,[]
2019-01-05 19:47:36,Some nice unselfish play there.,[]
2019-01-05 19:47:35,A second try for a third for this could be a cricket score if this continues,[]
2019-01-05 19:47:24,RT 7' | TRY! | ANOTHER! Darcy Graham finishes in the corner after a scintillating break up the middle from big Simon Berghâ€¦,"['TRY', 'Darcy Graham', 'Simon']"
2019-01-05 19:47:04,RT 7' | TRY! | ANOTHER! Darcy Graham finishes in the corner after a scintillating break up the middle from big Simon Berghâ€¦,"['TRY', 'Darcy Graham', 'Simon']"
2019-01-05 19:46:46,Well done for great win today. Good to see Fraz back. https://t.co/nEghRWIv3r,['Fraz']
2019-01-05 19:46:40,ğŸ‰ TRY for Just 8 minutes gone in and this is already second tryğŸ˜¯ğŸ‘€ EDI 14â€¦ https://t.co/vRpTFloYbR,['TRY']
2019-01-05 19:46:07,RT 4' | TRY! | It's a brilliant start from the boys as Dougie Fife finishes a sweeping backline attack involving Hickey anâ€¦,"['TRY', 'Dougie Fife', 'Hickey']"
2019-01-05 19:45:50,C'mon Embra! 10 tries by half time ğŸ˜,[]
2019-01-05 19:45:39,RT 7' | TRY! | ANOTHER! Darcy Graham finishes in the corner after a scintillating break up the middle from big Simon Berghâ€¦,"['TRY', 'Darcy Graham', 'Simon']"
2019-01-05 19:45:37,"Gie them a chance to catch their breath, why don't you? ğŸ˜„",[]
2019-01-05 19:45:30,RT 7' | TRY! | ANOTHER! Darcy Graham finishes in the corner after a scintillating break up the middle from big Simon Berghâ€¦,"['TRY', 'Darcy Graham', 'Simon']"
2019-01-05 19:45:27,RT 4' | TRY! | It's a brilliant start from the boys as Dougie Fife finishes a sweeping backline attack involving Hickey anâ€¦,"['TRY', 'Dougie Fife', 'Hickey']"
2019-01-05 19:45:24,RT 1' | Simon Hickey gets us started at BT for our first match of 2019! C'MON EDINBURGH! [0-0],"['Simon Hickey', 'BT']"
2019-01-05 19:45:24,"And just like that, are 14-0 up, and only 8min in. looking really rusty against aâ€¦ https://t.co/sdWZZ7K9F2",[]
2019-01-05 19:44:38,Are the old ?,[]
2019-01-05 19:44:20,Second Try On 7 mins Darcy Graham Try And Simon Hickey Conversion 14-0,"['Darcy Graham Try', 'Simon Hickey']"
2019-01-05 19:43:26,Jesus thatâ€™s a quick start as scores the second for and have hardly touched the ball,['Jesus']
2019-01-05 19:43:12,RT 4' | TRY! | It's a brilliant start from the boys as Dougie Fife finishes a sweeping backline attack involving Hickey anâ€¦,"['TRY', 'Dougie Fife', 'Hickey']"
2019-01-05 19:43:09,RT 1' | Simon Hickey gets us started at BT for our first match of 2019! C'MON EDINBURGH! [0-0],"['Simon Hickey', 'BT']"
2019-01-05 19:43:06,RT The boys head back up the tunnel and we're just 5âƒ£ minutes away from kick-off at BT Where are we watchingâ€¦,['BT']
2019-01-05 19:43:03,RT Plenty in store for these two tonight... ğŸ‘€ âœ… First home appearance for ğŸ¤” Debut for,['Debut']
2019-01-05 19:42:27,RT 4' | TRY! | It's a brilliant start from the boys as Dougie Fife finishes a sweeping backline attack involving Hickey anâ€¦,"['TRY', 'Dougie Fife', 'Hickey']"
2019-01-05 19:41:27,Opening Score Here At On 4 mins 7-0 Dougie Fyfe Try And Conversion By Simon Hickey,"['Score', 'Dougie Fyfe Try', 'Simon Hickey']"
2019-01-05 19:41:20,"showing how you should start a match, you after 3 mins! ğŸ‘Œ",[]
2019-01-05 19:40:48,Opening try for as take an early lead over,[]
2019-01-05 19:39:18,RT Great to see big Fraz back on the pitch and enjoying himself! ğŸ’ª https://t.co/37XBuqmF9f,[]
2019-01-05 19:37:29,ğŸ“º will hope to continue their flying form against in just a couple of moments! Heâ€¦ https://t.co/wZNLmvWqzO,[]
2019-01-05 19:37:27,Happy to see Ford :),['Happy']
2019-01-05 19:37:26,No pressure https://t.co/8T6ZkIUs10,[]
2019-01-05 19:36:45,Fingers crossed can get the win against to make up for the woeful https://t.co/VjEHDHOaID,[]
2019-01-05 19:34:01,"Following on Twitter until about 8, then maybe on TV.",[]
2019-01-05 19:30:50,RT The boys head back up the tunnel and we're just 5âƒ£ minutes away from kick-off at BT Where are we watchingâ€¦,['BT']
2019-01-05 19:28:50,Snuggling in for v on with &amp;,[]
2019-01-05 19:26:39,Back at for V Southern Kings Come on https://t.co/aevoAraFBz,['V Southern Kings Come']
2019-01-05 19:26:38,Wonder when the last time was that wore long trousers for anything inc every game!,['Wonder']
2019-01-05 19:25:00,RT Great to see so many of you back at BT tonight for our first game of 2019! ğŸ”·ğŸ”¶ğŸ‘ https://t.co/OeEWDâ€¦,['BT']
2019-01-05 19:21:26,RT Plenty in store for these two tonight... ğŸ‘€ âœ… First home appearance for ğŸ¤” Debut for,['Debut']
2019-01-05 19:17:39,The are back in action in the and have made the trip to to face https://t.co/PSoeq6VvTr,[]
2019-01-05 19:14:39,RT Always ğŸ”·ğŸ”¶ After last weeks excellent victory will be looking for another victory as they hostâ€¦,[]
2019-01-05 19:10:42,RT ğŸ” We make one change ahead of tonight's match against with Ross Ford replacing David Cherry (illness)â€¦,"['Ross Ford', 'David Cherry']"
2019-01-05 19:09:21,RT Great to see so many of you back at BT tonight for our first game of 2019! ğŸ”·ğŸ”¶ğŸ‘ https://t.co/OeEWDâ€¦,['BT']
2019-01-05 19:08:33,RT ğŸ” We make one change ahead of tonight's match against with Ross Ford replacing David Cherry (illness)â€¦,"['Ross Ford', 'David Cherry']"
2019-01-05 19:08:27,RT Changing room set-up and ready for the boys' arrival ğŸ’ª Gates open at 6pm. Secure your tickets now and get behind YOURâ€¦,[]
2019-01-05 19:04:53,"Aidan was 11 yesterday and at todayâ€™s game. If you could wish him a happy birthday, heâ€™d appreciate itâ€¦ https://t.co/6BBIHegPq8",['Aidan']
2019-01-05 19:02:59,RT ğŸ” We make one change ahead of tonight's match against with Ross Ford replacing David Cherry (illness)â€¦,"['Ross Ford', 'David Cherry']"
2019-01-05 18:59:47,RT Great to see so many of you back at BT tonight for our first game of 2019! ğŸ”·ğŸ”¶ğŸ‘ https://t.co/OeEWDâ€¦,['BT']
2019-01-05 18:59:46,The famous Mark Mcloy-Stevens!,['Mark']
2019-01-05 18:59:23,RT Always ğŸ”·ğŸ”¶ After last weeks excellent victory will be looking for another victory as they hostâ€¦,[]
2019-01-05 18:57:27,RT Great to see so many of you back at BT tonight for our first game of 2019! ğŸ”·ğŸ”¶ğŸ‘ https://t.co/OeEWDâ€¦,['BT']
2019-01-05 18:54:10,RT Great to see big Fraz back on the pitch and enjoying himself! ğŸ’ª https://t.co/37XBuqmF9f,[]
2019-01-05 18:53:46,RT The returns to the capital TONIGHT! ğŸ™Œ Who's making their way to BT this evening as we takeâ€¦,[]
2019-01-05 18:53:39,Arrived at for the vs Match Hopefully A Win Tonight Happy New Yearâ€¦ https://t.co/rdAQvDxDhl,['Match Hopefully']
2019-01-05 18:45:50,RT Great to see big Fraz back on the pitch and enjoying himself! ğŸ’ª https://t.co/37XBuqmF9f,[]
2019-01-05 18:45:05,welcome Southern Kings to tonight at 19:35 in the Pro 14. Recent form: at home: 13 wâ€¦ https://t.co/PftUlolcCN,['Southern']
2019-01-05 18:42:27,Yeah! Go !! Weâ€™ll watch the match in Canada !!,"['Yeah', 'Canada']"
2019-01-05 18:35:09,Just arrived in the car park.,[]
2019-01-05 18:33:41,Awesome!,['Awesome']
2019-01-05 18:33:04,Just slamming back a few before heading along! Let's go ! ğŸ”¶ï¸ğŸ”·ï¸ğŸ”¶ï¸ğŸ”·ï¸,[]
2019-01-05 18:32:53,RT Two boys who are very excited to be in the VIP lounge courtesy of https://t.co/usH0Asâ€¦,['VIP']
2019-01-05 18:31:22,We are there already!! https://t.co/BkeIKjmFS7,[]
2019-01-05 18:22:12,Two boys who are very excited to be in the VIP lounge courtesy of https://t.co/usH0AsH2yc,['VIP']
2019-01-05 18:20:33,"Why then, my dear chap, I will snap you.",[]
2019-01-05 18:19:55,No ğŸ“¸ for me tonight chief. Night off snapping. ğŸ‘,['Night']
2019-01-05 18:18:40,And so to to watch v and use my new zoom.....but no doubtâ€¦ https://t.co/2jNf4xFXIt,[]
2019-01-05 18:13:21,fans will notice Montpellier lost at home to Lyon today. Racing 92 could destroy already demoraliseâ€¦ https://t.co/jZ3Lbm0a5J,['Lyon']
2019-01-05 18:05:54,Santaâ€™s been and we are all kitted out! On our way to for the match! https://t.co/YI2yCGZ6nx,['Santa']
2019-01-05 18:03:52,Stage is set for tonightâ€™s clash at BT aiming for their 5th win on theâ€¦ https://t.co/LP5o68OAkY,"['Stage', 'BT']"
2019-01-05 18:02:24,"Was hoping would do a wee favour. Clearly, they are not taking theâ€¦ https://t.co/QG3CKzzMch",['Was']
2019-01-05 18:00:00,Always ğŸ”·ğŸ”¶ After last weeks excellent victory will be looking for another victory as theyâ€¦ https://t.co/3s890CjWZl,[]
2019-01-05 17:58:29,Watching my first ever professional match tonight at the Excited to watch plâ€¦ https://t.co/T6nCIjMA8g,['Excited']
2019-01-05 17:38:35,RT Changing room set-up and ready for the boys' arrival ğŸ’ª Gates open at 6pm. Secure your tickets now and get behind YOURâ€¦,[]
2019-01-05 17:37:39,"Good luck, looking forward to seeâ€¦ https://t.co/avjFkchyGo",['Good']
2019-01-05 17:29:22,On route from East Lothian It's GAME DAY! ğŸ’ª ğŸ†š ğŸ“ BT â° 7.35pm ğŸŸï¸â€¦ https://t.co/hyu2U34vWk,"['East', 'GAME']"
2019-01-05 17:20:20,RT It's a big night for who makes his home debut! ğŸ’ª Read the full team news ahead of this evening's match agaâ€¦,[]
2019-01-05 17:07:30,RT It's GAME DAY! ğŸ’ª ğŸ†š ğŸ“ BT â° 7.35pm ğŸŸï¸ https://t.co/GlnWWNMXJY |,['GAME']
2019-01-05 17:05:33,RT Changing room set-up and ready for the boys' arrival ğŸ’ª Gates open at 6pm. Secure your tickets now and get behind YOURâ€¦,[]
2019-01-05 16:56:31,RT Who's kick-starting 2019 with us tonight? ğŸ™‹â€â™‚ï¸ğŸ™‹â€â™€ï¸ Get behind YOUR city and secure your tickets for this evening's matâ€¦,['YOUR']
2019-01-05 16:36:55,RT Changing room set-up and ready for the boys' arrival ğŸ’ª Gates open at 6pm. Secure your tickets now and get behind YOURâ€¦,[]
2019-01-05 16:35:07,RT Changing room set-up and ready for the boys' arrival ğŸ’ª Gates open at 6pm. Secure your tickets now and get behind YOURâ€¦,[]
2019-01-05 16:34:59,RT Changing room set-up and ready for the boys' arrival ğŸ’ª Gates open at 6pm. Secure your tickets now and get behind YOURâ€¦,[]
2019-01-05 16:33:52,RT Changing room set-up and ready for the boys' arrival ğŸ’ª Gates open at 6pm. Secure your tickets now and get behind YOURâ€¦,[]
2019-01-05 16:27:04,Good luck son!!!,['Good']
2019-01-05 16:26:29,Well as you asked meeeeeeeee!!!!!,[]
2019-01-05 16:16:49,No favours for from the Weegies losing to Benetton this afternoon. Important to get the win tonight!,['Benetton']
2019-01-05 16:09:22,not able to help out 3 weeks on the bounce no?,[]
2019-01-05 16:03:35,"Congrats Big fella delighted to hear your news. Happy New Year, hope its a massive one for you. HENDO",['Happy New Year']
2019-01-05 15:52:24,Sounds like a poor showing... too much uncertainty of who's staying/going and losing toâ€¦ https://t.co/2TnnFwk0Mz,['Sounds']
2019-01-05 15:49:08,RT It's a big night for who makes his home debut! ğŸ’ª Read the full team news ahead of this evening's match agaâ€¦,[]
2019-01-05 15:47:55,RT It's a big night for who makes his home debut! ğŸ’ª Read the full team news ahead of this evening's match agaâ€¦,[]
2019-01-05 15:37:46,RT It's a big night for who makes his home debut! ğŸ’ª Read the full team news ahead of this evening's match agaâ€¦,[]
2019-01-05 15:36:37,"RT ğŸ‘ğŸ¼ Congratulations to on his start for tomorrow night with Ross, Ally and James on the bench tâ€¦","['Ross', 'Ally', 'James']"
2019-01-05 15:36:27,RT Year ago today I watched beat Southern Kings 37-7 was a great game worth getting pelted on by hailstonâ€¦,['Southern Kings']
2019-01-05 15:36:11,RT It's GAME DAY! ğŸ’ª ğŸ†š ğŸ“ BT â° 7.35pm ğŸŸï¸ https://t.co/GlnWWNMXJY |,['GAME']
2019-01-05 15:36:09,RT It's a big night for who makes his home debut! ğŸ’ª Read the full team news ahead of this evening's match agaâ€¦,[]
2019-01-05 15:35:52,RT It's a big night for who makes his home debut! ğŸ’ª Read the full team news ahead of this evening's match agaâ€¦,[]
2019-01-05 15:35:35,Year ago today I watched beat Southern Kings 37-7 was a great game worth getting pelted on by hailsâ€¦ https://t.co/r4yRXbLYnF,"['Year', 'Southern Kings']"
2019-01-05 15:25:02,RT VERY excited to be back at for the first time in 2019! v SATURDAY NIGHTâ€¦,[]
2019-01-05 15:24:41,RT Just going to leave this here,[]
2019-01-05 15:21:53,to Hazel &amp; Craig Redpath who are over from NZ for their 1st game since emigrating 13 years ago.,"['Hazel', 'Craig Redpath', 'NZ']"
2019-01-05 15:21:36,"RT ğŸ—£ï¸ ""it's great to have fresh players involved and there are guys who are desperate to impress across the board."" Attacâ€¦",[]
2019-01-05 15:20:42,RT Who's kick-starting 2019 with us tonight? ğŸ™‹â€â™‚ï¸ğŸ™‹â€â™€ï¸ Get behind YOUR city and secure your tickets for this evening's matâ€¦,['YOUR']
2019-01-05 15:19:48,RT VERY excited to be back at for the first time in 2019! v SATURDAY NIGHTâ€¦,[]
2019-01-05 15:19:27,VERY excited to be back at for the first time in 2019! v SATURDAY Nâ€¦ https://t.co/IAloo8wp4l,[]
2019-01-05 15:17:07,RT canâ€™t wait with my brother vs https://t.co/â€¦,[]
2019-01-05 15:13:53,On BLACK RED CELTIC 2010-2011 XXL HOME https://t.co/bSIhxRkNdY,"['BLACK', 'XXL']"
2019-01-05 15:11:57,RT â„¹ï¸ Keep up to date with all pre-match information ahead of tonight's game against httpâ€¦,[]
2019-01-05 15:11:23,Now on Alternate Away Top Shirt Size XL Extra Large BNWT https://t.co/COFoKHWt2d,"['Alternate Away Top Shirt Size', 'Large BNWT']"
2019-01-05 15:10:32,RT Great to see starting and getting a shout on the bench for ğŸ’ª https://t.co/ZVzJI76â€¦,[]
2019-01-05 14:57:47,RT It's GAME DAY! ğŸ’ª ğŸ†š ğŸ“ BT â° 7.35pm ğŸŸï¸ https://t.co/GlnWWNMXJY |,['GAME']
2019-01-05 14:57:41,"RT ğŸ—£ï¸ ""it's great to have fresh players involved and there are guys who are desperate to impress across the board."" Attacâ€¦",[]
2019-01-05 14:54:56,RT Who's kick-starting 2019 with us tonight? ğŸ™‹â€â™‚ï¸ğŸ™‹â€â™€ï¸ Get behind YOUR city and secure your tickets for this evening's matâ€¦,['YOUR']
2019-01-05 14:54:51,RT canâ€™t wait with my brother vs https://t.co/â€¦,[]
2019-01-05 14:54:17,RT â„¹ï¸ Keep up to date with all pre-match information ahead of tonight's game against httpâ€¦,[]
2019-01-05 14:52:45,RT Who's kick-starting 2019 with us tonight? ğŸ™‹â€â™‚ï¸ğŸ™‹â€â™€ï¸ Get behind YOUR city and secure your tickets for this evening's matâ€¦,['YOUR']
2019-01-05 14:52:35,RT canâ€™t wait with my brother vs https://t.co/â€¦,[]
2019-01-05 14:50:29,RT Congratulations to Big Bill Mata who will make his 5âƒ£0âƒ£th appearance for the club against tomorrow nigâ€¦,['Big Bill']
2019-01-05 14:44:05,RT It's GAME DAY! ğŸ’ª ğŸ†š ğŸ“ BT â° 7.35pm ğŸŸï¸ https://t.co/GlnWWNMXJY |,['GAME']
2019-01-05 14:41:08,canâ€™t wait with my brother vs https://t.co/0wL2BOrFGU,[]
2019-01-05 14:38:33,RT It's GAME DAY! ğŸ’ª ğŸ†š ğŸ“ BT â° 7.35pm ğŸŸï¸ https://t.co/GlnWWNMXJY |,['GAME']
2019-01-05 14:30:39,RT Who's kick-starting 2019 with us tonight? ğŸ™‹â€â™‚ï¸ğŸ™‹â€â™€ï¸ Get behind YOUR city and secure your tickets for this evening's matâ€¦,['YOUR']
2019-01-05 13:30:43,RT Don't forget to bring along your flag tonight and get behind YOUR city! ğŸš©ğŸ’ª Gates open at 6pm ahead of 7.35pm kick-off.â€¦,['YOUR']
2019-01-05 13:26:03,Looking forward to What an end to 2018 for and they'll look to carry that into the Newâ€¦ https://t.co/HYT8Eg92iY,[]
2019-01-05 12:54:15,RT Exciting times for FP - on the bench today for for the first time in a match!! Wâ€¦,['FP']
2019-01-05 12:52:39,RT It's GAME DAY! ğŸ’ª ğŸ†š ğŸ“ BT â° 7.35pm ğŸŸï¸ https://t.co/GlnWWNMXJY |,['GAME']
2019-01-05 12:49:09,RT It's GAME DAY! ğŸ’ª ğŸ†š ğŸ“ BT â° 7.35pm ğŸŸï¸ https://t.co/GlnWWNMXJY |,['GAME']
2019-01-05 12:33:41,"RT ğŸ—£ï¸ ""it's great to have fresh players involved and there are guys who are desperate to impress across the board."" Attacâ€¦",[]
2019-01-05 12:30:51,"RT ğŸ—£ï¸ ""it's great to have fresh players involved and there are guys who are desperate to impress across the board."" Attacâ€¦",[]
2019-01-05 12:26:46,RT Exciting times for FP - on the bench today for for the first time in a match!! Wâ€¦,['FP']
2019-01-05 12:15:11,Buzzing to be back at BT today to see the boys take on real chance to set out the inteâ€¦ https://t.co/gYyyoLo3sR,['BT']
2019-01-05 12:09:44,RT Ready to lead ğŸ’ª Fraser McKenzie is back in the mix as Head Coach Richard Cockerill makes 1âƒ£1âƒ£ changes to his side to fâ€¦,"['Fraser McKenzie', 'Head Coach', 'Richard Cockerill']"
2019-01-05 11:53:09,RT It's GAME DAY! ğŸ’ª ğŸ†š ğŸ“ BT â° 7.35pm ğŸŸï¸ https://t.co/GlnWWNMXJY |,['GAME']
2019-01-05 11:52:39,RT Congratulations to Big Bill Mata who will make his 5âƒ£0âƒ£th appearance for the club against tomorrow nigâ€¦,['Big Bill']
2019-01-05 11:52:30,RT Here is YOUR team to face at BT tomorrow night. ğŸ’ª Secure your tickets now: httpâ€¦,['BT']
2019-01-05 11:48:31,And one time prop!,[]
2019-01-05 11:47:09,RT It's GAME DAY! ğŸ’ª ğŸ†š ğŸ“ BT â° 7.35pm ğŸŸï¸ https://t.co/GlnWWNMXJY |,['GAME']
2019-01-05 11:46:12,RT It's GAME DAY! ğŸ’ª ğŸ†š ğŸ“ BT â° 7.35pm ğŸŸï¸ https://t.co/GlnWWNMXJY |,['GAME']
2019-01-05 11:39:26,seem to have made a decent hooker from https://t.co/QnoxKJ9MBJ,[]
2019-01-05 11:31:54,â€œNetworkingâ€,[]
2019-01-05 11:19:06,RT Congratulations to Big Bill Mata who will make his 5âƒ£0âƒ£th appearance for the club against tomorrow nigâ€¦,['Big Bill']
2019-01-05 10:53:55,RT Don't forget to bring along your flag tonight and get behind YOUR city! ğŸš©ğŸ’ª Gates open at 6pm ahead of 7.35pm kick-off.â€¦,['YOUR']
2019-01-05 10:46:05,RT Don't forget to bring along your flag tonight and get behind YOUR city! ğŸš©ğŸ’ª Gates open at 6pm ahead of 7.35pm kick-off.â€¦,['YOUR']
2019-01-05 10:37:45,RT Don't forget to bring along your flag tonight and get behind YOUR city! ğŸš©ğŸ’ª Gates open at 6pm ahead of 7.35pm kick-off.â€¦,['YOUR']
2019-01-05 10:18:46,So excited for my first ever game at tonight! Going toâ€¦ https://t.co/MaFkySbOKD,[]
2019-01-05 10:15:52,RT Nice little day of sport today starting with this afternoon then over to for,[]
2019-01-05 10:14:58,Nice little day of sport today starting with this afternoon then over to for this evening. ğŸ‘Œ,[]
2019-01-05 10:13:20,RT â„¹ï¸ Keep up to date with all pre-match information ahead of tonight's game against httpâ€¦,[]
2019-01-05 09:37:28,RT â„¹ï¸ Keep up to date with all pre-match information ahead of tonight's game against httpâ€¦,[]
2019-01-05 09:31:07,RT It's GAME DAY! ğŸ’ª ğŸ†š ğŸ“ BT â° 7.35pm ğŸŸï¸ https://t.co/GlnWWNMXJY |,['GAME']
2019-01-05 09:30:51,RT â„¹ï¸ Keep up to date with all pre-match information ahead of tonight's game against httpâ€¦,[]
2019-01-05 09:25:00,RT an-diugh bho 9sm ğŸ‰,[]
2019-01-05 09:06:04,RT an-diugh bho 9sm ğŸ‰,[]
2019-01-05 09:05:04,RT Here is YOUR team to face at BT tomorrow night. ğŸ’ª Secure your tickets now: httpâ€¦,['BT']
2019-01-05 09:01:47,RT Exciting times for FP - on the bench today for for the first time in a match!! Wâ€¦,['FP']
2019-01-05 09:01:12,RT an-diugh bho 9sm ğŸ‰,[]
2019-01-05 09:00:37,an-diugh bho 9sm ğŸ‰â€¦ https://t.co/JICFWlSAZ3,[]
2019-01-05 08:57:09,RT A reminder of YOUR team to face at BT tomorrow night (kick-off 7.35pm) ğŸ‘Š Secureâ€¦,"['YOUR', 'BT']"
2019-01-05 08:46:38,RT It's GAME DAY! ğŸ’ª ğŸ†š ğŸ“ BT â° 7.35pm ğŸŸï¸ https://t.co/GlnWWNMXJY |,['GAME']
2019-01-05 08:43:33,Was thinking about going to this today and then realised itâ€™s yet another evening kick off!! Please https://t.co/xIRu2SuFdz,['Was']
2019-01-05 08:42:59,RT Great to see starting and getting a shout on the bench for ğŸ’ª https://t.co/ZVzJI76â€¦,[]
2019-01-05 08:33:06,Congratulations ! ğŸ‘,[]
2019-01-05 08:31:01,RT It's GAME DAY! ğŸ’ª ğŸ†š ğŸ“ BT â° 7.35pm ğŸŸï¸ https://t.co/GlnWWNMXJY |,['GAME']
2019-01-05 08:24:25,RT It's GAME DAY! ğŸ’ª ğŸ†š ğŸ“ BT â° 7.35pm ğŸŸï¸ https://t.co/GlnWWNMXJY |,['GAME']
2019-01-05 08:19:21,RT It's GAME DAY! ğŸ’ª ğŸ†š ğŸ“ BT â° 7.35pm ğŸŸï¸ https://t.co/GlnWWNMXJY |,['GAME']
2019-01-05 08:15:46,RT Bring it on!! ğŸ‰ğŸ‰ğŸ‰ğŸ‰ğŸ‰. At least the weather is better than last year!!!,[]
2019-01-05 08:04:23,RT It's GAME DAY! ğŸ’ª ğŸ†š ğŸ“ BT â° 7.35pm ğŸŸï¸ https://t.co/GlnWWNMXJY |,['GAME']
2019-01-05 08:04:02,Bring it on!! ğŸ‰ğŸ‰ğŸ‰ğŸ‰ğŸ‰. At least the weather is better than last year!!!â€¦ https://t.co/GMUpthMDY3,[]
2019-01-05 07:59:38,Come on Boys!!!!ğŸ‘Š,[]
2019-01-05 07:54:48,RT is the winner of December's Try of the Month after picking up the most votes across ourâ€¦,['Try']
2019-01-05 07:54:11,RT It's GAME DAY! ğŸ’ª ğŸ†š ğŸ“ BT â° 7.35pm ğŸŸï¸ https://t.co/GlnWWNMXJY |,['GAME']
2019-01-05 07:30:16,Need to buck up our ideas after 2 dreadful performances againstâ€¦ https://t.co/sJHXavo96y,['Need']
2019-01-05 06:03:38,RT v Southern Kings: Richard Cockerill demands bright display from shadow squad -,"['Southern Kings', 'Richard Cockerill']"
2019-01-05 05:20:26,RT games this weekend on Saturday: vs vs,[]
2019-01-05 03:07:42,RT games this weekend on Saturday: vs vs,[]
2019-01-05 01:57:38,RT Congratulations to Big Bill Mata who will make his 5âƒ£0âƒ£th appearance for the club against tomorrow nigâ€¦,['Big Bill']
2019-01-05 01:43:57,RT Exciting times for FP - on the bench today for for the first time in a match!! Wâ€¦,['FP']
2019-01-05 01:43:10,Exciting times for FP - on the bench today for for the first time in a https://t.co/vzMW81aT7Z,['FP']
2019-01-05 01:12:44,"RT ğŸ‘ğŸ¼ Congratulations to on his start for tomorrow night with Ross, Ally and James on the bench tâ€¦","['Ross', 'Ally', 'James']"
2019-01-05 00:57:45,RT 2âƒ£ more years for Fraz! âœï¸ Read how Fraser McKenzie will return from injury to captain against,"['Fraz', 'Fraser McKenzie']"
2019-01-05 00:22:02,RT A reminder of YOUR team to face at BT tomorrow night (kick-off 7.35pm) ğŸ‘Š Secureâ€¦,"['YOUR', 'BT']"
2019-01-04 23:35:29,RT v Southern Kings: Richard Cockerill demands bright display from shadow squad -,"['Southern Kings', 'Richard Cockerill']"
2019-01-04 23:33:06,RT Agreed. We estimate that have a 94.8% chaâ€¦,[]
2019-01-04 23:33:03,Can't wait to find out X,[]
2019-01-04 23:32:10,Agreed. We estimate that have a 94â€¦ https://t.co/AgRINTV5IS,['Agreed']
2019-01-04 23:27:33,RT Congratulations to Big Bill Mata who will make his 5âƒ£0âƒ£th appearance for the club against tomorrow nigâ€¦,['Big Bill']
2019-01-04 23:26:10,RT is the winner of December's Try of the Month after picking up the most votes across ourâ€¦,['Try']
2019-01-04 23:24:31,RT Here is YOUR team to face at BT tomorrow night. ğŸ’ª Secure your tickets now: httpâ€¦,['BT']
2019-01-04 22:38:19,RT Over the moon to have signed a new deal here at . We keep growing and building as a squad and I'm excited to câ€¦,[]
2019-01-04 22:20:12,RT A reminder of YOUR team to face at BT tomorrow night (kick-off 7.35pm) ğŸ‘Š Secureâ€¦,"['YOUR', 'BT']"
2019-01-04 22:05:12,v Southern Kings: Richard Cockerill demands bright display from shadow squad - https://t.co/w69GQVOmvZ,"['Southern', 'Richard Cockerill']"
2019-01-04 21:11:12,RT 2âƒ£ more years for Fraz! âœï¸ Read how Fraser McKenzie will return from injury to captain against,"['Fraz', 'Fraser McKenzie']"
2019-01-04 21:11:05,"RT ğŸ“° | McKenzie returns as captain against after signing new deal: https://t.co/L0byKYEo6P âœï¸ ğŸ’¬ ""Iâ€™m delâ€¦",[]
2019-01-04 20:47:44,"RT ğŸ‘ğŸ¼ Congratulations to on his start for tomorrow night with Ross, Ally and James on the bench tâ€¦","['Ross', 'Ally', 'James']"
2019-01-04 20:43:31,RT A reminder of YOUR team to face at BT tomorrow night (kick-off 7.35pm) ğŸ‘Š Secureâ€¦,"['YOUR', 'BT']"
2019-01-04 20:35:34,Hard in a big stadium. Should have heard us at Newcastle.â€¦ https://t.co/hiMCf1Vkkg,['Hard']
2019-01-04 20:32:35,"RT ğŸ‘ğŸ¼ Congratulations to on his start for tomorrow night with Ross, Ally and James on the bench tâ€¦","['Ross', 'Ally', 'James']"
2019-01-04 20:22:23,RT Congratulations to Big Bill Mata who will make his 5âƒ£0âƒ£th appearance for the club against tomorrow nigâ€¦,['Big Bill']
2019-01-04 20:16:18,RT Congratulations to Big Bill Mata who will make his 5âƒ£0âƒ£th appearance for the club against tomorrow nigâ€¦,['Big Bill']
2019-01-04 20:00:10,Congrats sir!,[]
2019-01-04 20:00:09,RT A reminder of YOUR team to face at BT tomorrow night (kick-off 7.35pm) ğŸ‘Š Secureâ€¦,"['YOUR', 'BT']"
2019-01-04 19:57:23,Just every single minute hes played yet still waiting to see him smash someone,[]
2019-01-04 19:47:52,ğŸ¤” Just wondering why do you use ğŸ”·ğŸ”¶ in your tweets? I thought your colours were black and red.,[]
2019-01-04 19:34:01,RT Here is YOUR team to face at BT tomorrow night. ğŸ’ª Secure your tickets now: httpâ€¦,['BT']
2019-01-04 19:13:56,RT is the winner of December's Try of the Month after picking up the most votes across ourâ€¦,['Try']
2019-01-04 18:54:19,Come on there have been so many! Flying over to score against scarlets,[]
2019-01-04 18:47:33,RT Congratulations to Big Bill Mata who will make his 5âƒ£0âƒ£th appearance for the club against tomorrow nigâ€¦,['Big Bill']
2019-01-04 18:45:59,RT Congratulations to Big Bill Mata who will make his 5âƒ£0âƒ£th appearance for the club against tomorrow nigâ€¦,['Big Bill']
2019-01-04 18:45:48,RT Congratulations to Big Bill Mata who will make his 5âƒ£0âƒ£th appearance for the club against tomorrow nigâ€¦,['Big Bill']
2019-01-04 18:42:57,RT Congratulations to Big Bill Mata who will make his 5âƒ£0âƒ£th appearance for the club against tomorrow nigâ€¦,['Big Bill']
2019-01-04 18:39:03,RT Off to blast a few holes with but not before a spot of prep ahead of tomorrowâ€™s,[]
2019-01-04 18:38:57,RT Best ğŸ“¸ perhaps was the big man post win in Newcastle with his fellow Fijians.â€¦,['Newcastle']
2019-01-04 18:37:08,RT 2âƒ£ more years for Fraz! âœï¸ Read how Fraser McKenzie will return from injury to captain against,"['Fraz', 'Fraser McKenzie']"
2019-01-04 18:32:24,Just like his dad ğŸ—,[]
2019-01-04 18:31:35,"RT ğŸ‘ğŸ¼ Congratulations to on his start for tomorrow night with Ross, Ally and James on the bench tâ€¦","['Ross', 'Ally', 'James']"
2019-01-04 18:20:06,Look at that wee chubby cheek ğŸ¤—ğŸ˜,['Look']
2019-01-04 18:12:52,RT ğŸ“° Preview v ğŸ•¹ï¸ Who's playing ğŸ“ˆ Who's in form ğŸ“º Where to watch ğŸ–±ï¸ Click here: https://tâ€¦,['Click']
2019-01-04 18:04:54,RT Congratulations to Big Bill Mata who will make his 5âƒ£0âƒ£th appearance for the club against tomorrow nigâ€¦,['Big Bill']
2019-01-04 18:03:38,RT Over the moon to have signed a new deal here at . We keep growing and building as a squad and I'm excited to câ€¦,[]
2019-01-04 17:56:34,RT Great to see starting and getting a shout on the bench for ğŸ’ª https://t.co/ZVzJI76â€¦,[]
2019-01-04 17:56:31,RT 5ï¸âƒ£0ï¸âƒ£ up for the star. Whatâ€™s your favourite memory of Big Billâ€™s time at so far? https://â€¦,['Bill']
2019-01-04 17:56:27,RT Best ğŸ“¸ perhaps was the big man post win in Newcastle with his fellow Fijians.â€¦,['Newcastle']
2019-01-04 17:56:24,RT Congratulations to Big Bill Mata who will make his 5âƒ£0âƒ£th appearance for the club against tomorrow nigâ€¦,['Big Bill']
2019-01-04 17:51:34,RT Rugby take on French giants Montpellier on Fri 17 January ğŸ‰ Make sure you're there ğŸ‘‰ https://t.co/jknVeSq0Sx,['French']
2019-01-04 17:47:36,RT Congratulations to Big Bill Mata who will make his 5âƒ£0âƒ£th appearance for the club against tomorrow nigâ€¦,['Big Bill']
2019-01-04 17:47:27,RT Best ğŸ“¸ perhaps was the big man post win in Newcastle with his fellow Fijians.â€¦,['Newcastle']
2019-01-04 17:47:24,RT 5ï¸âƒ£0ï¸âƒ£ up for the star. Whatâ€™s your favourite memory of Big Billâ€™s time at so far? https://â€¦,['Bill']
2019-01-04 17:40:19,RT â° Supporters have until midnight to take advantage of our under-16's offer! Don't miss out as we take on,[]
2019-01-04 17:40:07,RT 2âƒ£ more years for Fraz! âœï¸ Read how Fraser McKenzie will return from injury to captain against,"['Fraz', 'Fraser McKenzie']"
2019-01-04 17:33:01,RT Best ğŸ“¸ perhaps was the big man post win in Newcastle with his fellow Fijians.â€¦,['Newcastle']
2019-01-04 17:32:54,RT â° Supporters have until midnight to take advantage of our under-16's offer! Don't miss out as we take on,[]
2019-01-04 17:21:58,RT Great to see starting and getting a shout on the bench for ğŸ’ª https://t.co/ZVzJI76â€¦,[]
2019-01-04 17:17:55,RT â° Supporters have until midnight to take advantage of our under-16's offer! Don't miss out as we take on,[]
2019-01-04 17:15:26,RT 2âƒ£ more years for Fraz! âœï¸ Read how Fraser McKenzie will return from injury to captain against,"['Fraz', 'Fraser McKenzie']"
2019-01-04 17:12:57,Best ğŸ“¸ perhaps was the big man post win in Newcastle with his fellow Fijiâ€¦ https://t.co/DK4hh7HBYc,"['Best', 'Newcastle']"
2019-01-04 17:07:58,"RT ğŸ—£ï¸ ""Their main strength is in their back-three. They can score from anywhere on the park."" Attack Coach Duncan Hodge bâ€¦",['Attack Coach Duncan Hodge']
2019-01-04 17:07:52,RT A reminder of YOUR team to face at BT tomorrow night (kick-off 7.35pm) ğŸ‘Š Secureâ€¦,"['YOUR', 'BT']"
2019-01-04 17:07:46,RT â° Supporters have until midnight to take advantage of our under-16's offer! Don't miss out as we take on,[]
2019-01-04 17:06:07,RT Here is YOUR team to face at BT tomorrow night. ğŸ’ª Secure your tickets now: httpâ€¦,['BT']
2019-01-04 17:06:00,Rugby take on French giants Montpellier on Fri 17 January ğŸ‰ Make sure you're there ğŸ‘‰â€¦ https://t.co/IIkTc0xkDJ,"['Rugby', 'French']"
2019-01-04 16:56:59,RT Return from injury and new contract for Fraser McKenzie https://t.co/OwwaNâ€¦,['Fraser McKenzie']
2019-01-04 16:56:33,RT Return from injury and new contract for Fraser McKenzie https://t.co/OwwaNâ€¦,['Fraser McKenzie']
2019-01-04 16:55:26,Return from injury and new contract for Fraser McKenzie https://t.co/OwwaNWUFx6,"['Return', 'Fraser McKenzie']"
2019-01-04 16:26:22,Glad to see Hunter-Hill get a start alongside an experâ€¦ https://t.co/UmXwlKjtZB,['Glad']
2019-01-04 16:21:25,RT â° Supporters have until midnight to take advantage of our under-16's offer! Don't miss out as we take on,[]
2019-01-04 16:21:20,RT A reminder of YOUR team to face at BT tomorrow night (kick-off 7.35pm) ğŸ‘Š Secureâ€¦,"['YOUR', 'BT']"
2019-01-04 16:20:04,RT 5ï¸âƒ£0ï¸âƒ£ up for the star. Whatâ€™s your favourite memory of Big Billâ€™s time at so far? https://â€¦,['Bill']
2019-01-04 16:19:51,RT â° Supporters have until midnight to take advantage of our under-16's offer! Don't miss out as we take on,[]
2019-01-04 16:16:27,Didnâ€™t hear much noise at v seems about the same.,['Didn']
2019-01-04 16:16:07,RT is the winner of December's Try of the Month after picking up the most votes across ourâ€¦,['Try']
2019-01-04 16:14:33,RT ğŸ“° Preview v ğŸ•¹ï¸ Who's playing ğŸ“ˆ Who's in form ğŸ“º Where to watch ğŸ–±ï¸ Click here: https://tâ€¦,['Click']
2019-01-04 16:12:56,RT is the winner of December's Try of the Month after picking up the most votes across ourâ€¦,['Try']
2019-01-04 16:04:35,5ï¸âƒ£0ï¸âƒ£ up for the star. Whatâ€™s your favourite memory of Big Billâ€™s time at so far? https://t.co/tQjzGhSYIZ,['Bill']
2019-01-04 15:56:24,RT is the winner of December's Try of the Month after picking up the most votes across ourâ€¦,['Try']
2019-01-04 15:52:01,RT is the winner of December's Try of the Month after picking up the most votes across ourâ€¦,['Try']
2019-01-04 15:51:33,RT is the winner of December's Try of the Month after picking up the most votes across ourâ€¦,['Try']
2019-01-04 15:44:41,RT is the winner of December's Try of the Month after picking up the most votes across ourâ€¦,['Try']
2019-01-04 15:40:38,RT ğŸ“° Preview v ğŸ•¹ï¸ Who's playing ğŸ“ˆ Who's in form ğŸ“º Where to watch ğŸ–±ï¸ Click here: https://tâ€¦,['Click']
2019-01-04 15:36:15,"RT ğŸ—£ï¸ ""Their main strength is in their back-three. They can score from anywhere on the park."" Attack Coach Duncan Hodge bâ€¦",['Attack Coach Duncan Hodge']
2019-01-04 15:30:23,"RT ğŸ—£ï¸ ""Their main strength is in their back-three. They can score from anywhere on the park."" Attack Coach Duncan Hodge bâ€¦",['Attack Coach Duncan Hodge']
2019-01-04 15:23:46,RT A reminder of YOUR team to face at BT tomorrow night (kick-off 7.35pm) ğŸ‘Š Secureâ€¦,"['YOUR', 'BT']"
2019-01-04 15:23:42,ğŸ“° Preview v ğŸ•¹ï¸ Who's playing ğŸ“ˆ Who's in form ğŸ“º Where to watch ğŸ–±ï¸ Click here:â€¦ https://t.co/0xsVm65DtJ,['Click']
2019-01-04 15:18:28,RT and have arrived in to start preparations with,[]
2019-01-04 15:12:23,RT Changes aplenty for and ahead of this weekendâ€™s fixtures. havâ€¦,[]
2019-01-04 15:11:53,RT Over the moon to have signed a new deal here at . We keep growing and building as a squad and I'm excited to câ€¦,[]
2019-01-04 15:11:51,Congratulations man!,[]
2019-01-04 15:02:19,RT Off to blast a few holes with but not before a spot of prep ahead of tomorrowâ€™s,[]
2019-01-04 15:02:07,"RT ğŸ—£ï¸ ""Their main strength is in their back-three. They can score from anywhere on the park."" Attack Coach Duncan Hodge bâ€¦",['Attack Coach Duncan Hodge']
2019-01-04 15:00:48,"RT ğŸ—£ï¸ ""Their main strength is in their back-three. They can score from anywhere on the park."" Attack Coach Duncan Hodge bâ€¦",['Attack Coach Duncan Hodge']
2019-01-04 14:58:30,RT Changes aplenty for and ahead of this weekendâ€™s fixtures. havâ€¦,[]
2019-01-04 14:58:20,RT 2âƒ£ more years for Fraz! âœï¸ Read how Fraser McKenzie will return from injury to captain against,"['Fraz', 'Fraser McKenzie']"
2019-01-04 14:56:18,Thatâ€™s a good call. Shows our strength in depth. Itâ€™s another must win.,[]
2019-01-04 14:54:03,RT games this weekend on Saturday: vs vs,[]
2019-01-04 14:34:59,RT Here is YOUR team to face at BT tomorrow night. ğŸ’ª Secure your tickets now: httpâ€¦,['BT']
2019-01-04 14:26:05,Well Done Bill!!!ğŸ‘Š,['Done Bill']
2019-01-04 14:23:27,Absolute beast ğŸ‘Œ,['Absolute']
2019-01-04 14:17:11,Fantastic news for ğŸ”·ğŸ”¶ https://t.co/DLYdsCp7kr,['Fantastic']
2019-01-04 14:16:28,RT Cockers with one eye on - U20 cap George Taylor in the centre ğŸ‘¶ğŸ¼ - Dave Cherry with oneâ€¦,"['U20', 'George Taylor', 'Dave Cherry']"
2019-01-04 14:15:36,RT Here is YOUR team to face at BT tomorrow night. ğŸ’ª Secure your tickets now: httpâ€¦,['BT']
2019-01-04 14:06:30,https://t.co/ERW65VvyBX,[]
2019-01-04 14:03:33,https://t.co/52uw2Oqvgq,[]
2019-01-04 14:01:36,games this weekend on Saturday: vs vsâ€¦ https://t.co/YHITmMhO5D,[]
2019-01-04 14:00:40,RT Cockers with one eye on - U20 cap George Taylor in the centre ğŸ‘¶ğŸ¼ - Dave Cherry with oneâ€¦,"['U20', 'George Taylor', 'Dave Cherry']"
2019-01-04 14:00:18,RT and have arrived in to start preparations with,[]
2019-01-04 13:52:29,RT Cockers with one eye on - U20 cap George Taylor in the centre ğŸ‘¶ğŸ¼ - Dave Cherry with oneâ€¦,"['U20', 'George Taylor', 'Dave Cherry']"
2019-01-04 13:41:02,Cockers with one eye on - U20 cap George Taylor in the centre ğŸ‘¶ğŸ¼ - Dave Cherry with oâ€¦ https://t.co/98SdzLuH06,"['U20', 'George Taylor', 'Dave Cherry']"
2019-01-04 13:38:46,RT Congratulations to Big Bill Mata who will make his 5âƒ£0âƒ£th appearance for the club against tomorrow nigâ€¦,['Big Bill']
2019-01-04 13:38:23,RT A reminder of YOUR team to face at BT tomorrow night (kick-off 7.35pm) ğŸ‘Š Secureâ€¦,"['YOUR', 'BT']"
2019-01-04 13:38:18,RT Congratulations to Big Bill Mata who will make his 5âƒ£0âƒ£th appearance for the club against tomorrow nigâ€¦,['Big Bill']
2019-01-04 13:38:06,Great to see you sign on again. Hereâ€™s to success in 2019,['Great']
2019-01-04 13:32:34,RT Congratulations to Big Bill Mata who will make his 5âƒ£0âƒ£th appearance for the club against tomorrow nigâ€¦,['Big Bill']
2019-01-04 13:30:53,RT Congratulations to Big Bill Mata who will make his 5âƒ£0âƒ£th appearance for the club against tomorrow nigâ€¦,['Big Bill']
2019-01-04 13:27:34,"RT ğŸ“° | McKenzie returns as captain against after signing new deal: https://t.co/L0byKYEo6P âœï¸ ğŸ’¬ ""Iâ€™m delâ€¦",[]
2019-01-04 13:27:24,RT 2âƒ£ more years for Fraz! âœï¸ Read how Fraser McKenzie will return from injury to captain against,"['Fraz', 'Fraser McKenzie']"
2019-01-04 13:26:49,RT Ryan Wilson will captain a side which shows 10 changes from the team which lost to last weâ€¦,['Wilson']
2019-01-04 13:26:24,"RT ğŸ‘ğŸ¼ Congratulations to on his start for tomorrow night with Ross, Ally and James on the bench tâ€¦","['Ross', 'Ally', 'James']"
2019-01-04 13:25:09,"ğŸ‘ğŸ¼ Congratulations to on his start for tomorrow night with Ross, Ally and James on the bâ€¦ https://t.co/ghDxPn0Ohc","['Ross', 'Ally', 'James']"
2019-01-04 13:18:39,"RT ğŸ“° | McKenzie returns as captain against after signing new deal: https://t.co/L0byKYEo6P âœï¸ ğŸ’¬ ""Iâ€™m delâ€¦",[]
2019-01-04 13:17:04,RT Off to blast a few holes with but not before a spot of prep ahead of tomorrowâ€™s,[]
2019-01-04 13:16:45,RT A reminder of YOUR team to face at BT tomorrow night (kick-off 7.35pm) ğŸ‘Š Secureâ€¦,"['YOUR', 'BT']"
2019-01-04 13:16:31,"RT He's been in top form over the last few weeks and spoke about his time with so far, incâ€¦",[]
2019-01-04 13:16:13,Ryan Wilson will captain a side which shows 10 changes from the team which lost to https://t.co/VsatnfGoER,"['Ryan', 'Wilson']"
2019-01-04 13:15:02,RT Changes aplenty for and ahead of this weekendâ€™s fixtures. havâ€¦,[]
2019-01-04 13:13:39,"RT Teams: McKenzie to captain Fife, Taylor, Socino, Hickey and Berghan among 11 changes forâ€¦","['Fife', 'Taylor', 'Socino', 'Hickey', 'Berghan']"
2019-01-04 13:13:23,"RT Teams: Alandre van Rooyen, Michael Makase and Martin du Toit return to the starting XV tâ€¦","['Alandre', 'Rooyen', 'Michael Makase', 'Martin', 'Toit']"
2019-01-04 13:12:02,RT A reminder of YOUR team to face at BT tomorrow night (kick-off 7.35pm) ğŸ‘Š Secureâ€¦,"['YOUR', 'BT']"
2019-01-04 13:11:52,RT 2âƒ£ more years for Fraz! âœï¸ Read how Fraser McKenzie will return from injury to captain against,"['Fraz', 'Fraser McKenzie']"
2019-01-04 13:11:07,"RT Teams: Alandre van Rooyen, Michael Makase and Martin du Toit return to the starting XV tâ€¦","['Alandre', 'Rooyen', 'Michael Makase', 'Martin', 'Toit']"
2019-01-04 13:11:00,"RT Teams: McKenzie to captain Fife, Taylor, Socino, Hickey and Berghan among 11 changes forâ€¦","['Fife', 'Taylor', 'Socino', 'Hickey', 'Berghan']"
2019-01-04 13:09:39,RT Here is YOUR team to face at BT tomorrow night. ğŸ’ª Secure your tickets now: httpâ€¦,['BT']
2019-01-04 13:09:22,RT Over the moon to have signed a new deal here at . We keep growing and building as a squad and I'm excited to câ€¦,[]
2019-01-04 13:06:35,RT Here is YOUR team to face at BT tomorrow night. ğŸ’ª Secure your tickets now: httpâ€¦,['BT']
2019-01-04 13:02:06,RT A reminder of YOUR team to face at BT tomorrow night (kick-off 7.35pm) ğŸ‘Š Secureâ€¦,"['YOUR', 'BT']"
2019-01-04 12:47:52,RT Here is YOUR team to face at BT tomorrow night. ğŸ’ª Secure your tickets now: httpâ€¦,['BT']
2019-01-04 12:36:22,"RT Teams: Alandre van Rooyen, Michael Makase and Martin du Toit return to the starting XV tâ€¦","['Alandre', 'Rooyen', 'Michael Makase', 'Martin', 'Toit']"
2019-01-04 12:36:06,"Teams: Alandre van Rooyen, Michael Makase and Martin du Toit return to the startingâ€¦ https://t.co/tjLFVtRzAC","['Alandre', 'Rooyen', 'Michael Makase', 'Martin', 'Toit']"
2019-01-04 12:35:14,"Teams: McKenzie to captain Fife, Taylor, Socino, Hickey and Berghan among 11 changeâ€¦ https://t.co/LfBvQ3Xp2l","['Fife', 'Taylor', 'Socino', 'Hickey', 'Berghan']"
2019-01-04 12:31:48,RT 2âƒ£ more years for Fraz! âœï¸ Read how Fraser McKenzie will return from injury to captain against,"['Fraz', 'Fraser McKenzie']"
2019-01-04 12:30:40,interesting team for tomorrow's game. Looking forward to seeing some of the players who don't start as often,[]
2019-01-04 12:29:49,RT Changes aplenty for and ahead of this weekendâ€™s fixtures. havâ€¦,[]
2019-01-04 12:29:20,RT Over the moon to have signed a new deal here at . We keep growing and building as a squad and I'm excited to câ€¦,[]
2019-01-04 12:29:19,Changes aplenty for and ahead of this weekendâ€™s fixtures. Edinburgâ€¦ https://t.co/THHHJB1npn,[]
2019-01-04 12:27:41,Great news Murray. Your career just gets better and better. Best wishes for the rest of the season and 2019.,"['Great', 'Murray']"
2019-01-04 12:25:43,How much longer are Bennett and Scott out for?,"['Bennett', 'Scott']"
2019-01-04 12:25:12,Great to see starting and getting a shout on the bench for ğŸ’ª https://t.co/ZVzJI76dQb,['Great']
2019-01-04 12:21:09,eyes ğŸ‘€on Europe ğŸ‡ªğŸ‡º ğŸ¤” Good to see Shiel make the bench,"['Europe', 'Shiel']"
2019-01-04 12:17:24,No can chose all brilliant,[]
2019-01-04 12:16:18,RT Here is YOUR team to face at BT tomorrow night. ğŸ’ª Secure your tickets now: httpâ€¦,['BT']
2019-01-04 12:16:04,"Even if we're resting some of the big guns, this is still a winnable game! C'MON EMBRA!",[]
2019-01-04 12:16:03,"RT ğŸ“° | McKenzie returns as captain against after signing new deal: https://t.co/L0byKYEo6P âœï¸ ğŸ’¬ ""Iâ€™m delâ€¦",[]
2019-01-04 12:14:24,RT Here is YOUR team to face at BT tomorrow night. ğŸ’ª Secure your tickets now: httpâ€¦,['BT']
2019-01-04 12:14:21,"RT ğŸ“° | McKenzie returns as captain against after signing new deal: https://t.co/L0byKYEo6P âœï¸ ğŸ’¬ ""Iâ€™m delâ€¦",[]
2019-01-04 12:14:06,RT Here is YOUR team to face at BT tomorrow night. ğŸ’ª Secure your tickets now: httpâ€¦,['BT']
2019-01-04 12:09:01,RT Here is YOUR team to face at BT tomorrow night. ğŸ’ª Secure your tickets now: httpâ€¦,['BT']
2019-01-04 12:08:13,RT Here is YOUR team to face at BT tomorrow night. ğŸ’ª Secure your tickets now: httpâ€¦,['BT']
2019-01-04 12:08:10,"RT ğŸ“° | McKenzie returns as captain against after signing new deal: https://t.co/L0byKYEo6P âœï¸ ğŸ’¬ ""Iâ€™m delâ€¦",[]
2019-01-04 12:08:01,"Ross Ford back, huge for","['Ross', 'Ford']"
2019-01-04 12:03:33,"RT ğŸ“° | McKenzie returns as captain against after signing new deal: https://t.co/L0byKYEo6P âœï¸ ğŸ’¬ ""Iâ€™m delâ€¦",[]
2019-01-04 12:03:29,"RT ğŸ“° | McKenzie returns as captain against after signing new deal: https://t.co/L0byKYEo6P âœï¸ ğŸ’¬ ""Iâ€™m delâ€¦",[]
2019-01-04 12:03:23,RT Here is YOUR team to face at BT tomorrow night. ğŸ’ª Secure your tickets now: httpâ€¦,['BT']
2019-01-04 12:03:08,RT Here is YOUR team to face at BT tomorrow night. ğŸ’ª Secure your tickets now: httpâ€¦,['BT']
2019-01-04 11:57:42,We sure do. And weâ€™ll lose lol,[]
2019-01-04 11:53:38,"RT He's been in top form over the last few weeks and spoke about his time with so far, incâ€¦",[]
2019-01-04 11:47:10,RT Over the moon to have signed a new deal here at . We keep growing and building as a squad and I'm excited to câ€¦,[]
2019-01-04 11:41:14,"RT He's been in top form over the last few weeks and spoke about his time with so far, incâ€¦",[]
2019-01-04 11:36:48,"RT Cockerill culture is helping grow depth, says Pierre Schoeman - Rad: - httpsâ€¦",['Pierre Schoeman']
2019-01-04 11:36:27,"RT He's been in top form over the last few weeks and spoke about his time with so far, incâ€¦",[]
2019-01-04 11:35:53,RT Youâ€™re welcome! I need to confess that as well as being a fanâ€¦,[]
2019-01-04 11:23:25,Congrats Murray mate X,['Murray']
2019-01-04 11:22:13,Youâ€™re welcome! I need to confess that as well as being aâ€¦ https://t.co/WtESIxjitk,[]
2019-01-04 11:09:41,"RT He's been in top form over the last few weeks and spoke about his time with so far, incâ€¦",[]
2019-01-04 11:03:07,"RT He's been in top form over the last few weeks and spoke about his time with so far, incâ€¦",[]
2019-01-04 11:00:23,RT BREAKING âœ | international prop Murray McCallum has committed his future to the club after signing a new two-yâ€¦,['Murray McCallum']
2019-01-04 10:56:32,"RT He's been in top form over the last few weeks and spoke about his time with so far, incâ€¦",[]
2019-01-04 10:51:19,Great news Murray!,"['Great', 'Murray']"
2019-01-04 10:43:32,"RT He's been in top form over the last few weeks and spoke about his time with so far, incâ€¦",[]
2019-01-04 10:40:47,He's been in top form over the last few weeks and spoke about his time with so farâ€¦ https://t.co/OyxzWqDcLw,[]
2019-01-04 10:28:50,RT should win if these stats for are accurate https:â€¦,[]
2019-01-04 10:19:31,should win if these stats for are accurate https://t.co/RnctgTe6Oo,[]
2019-01-04 10:08:34,RT Over the moon to have signed a new deal here at . We keep growing and building as a squad and I'm excited to câ€¦,[]
2019-01-04 09:56:38,If stats are anything to go by really have no reason to lose against kind of saâ€¦ https://t.co/NMcksuxKsZ,[]
2019-01-04 09:55:20,Congrats! ğŸ‘ğŸ¼ğŸ´ó §ó ¢ó ³ó £ó ´ó ¿,[]
2019-01-04 09:46:38,RT Over the moon to have signed a new deal here at . We keep growing and building as a squad and I'm excited to câ€¦,[]
2019-01-04 09:40:27,RT Over the moon to have signed a new deal here at . We keep growing and building as a squad and I'm excited to câ€¦,[]
2019-01-04 09:27:33,Congrats mate. Wishing you all the best.,[]
2019-01-04 09:24:19,RT Perfect way to finish the calendar year with the lads! Hope everyone has a great new year when it comesâ€¦,[]
2019-01-04 09:23:14,RT A quick attempt to map a route to the 2019 playoffs for Given their current form and remaining fixtureâ€¦,[]
2019-01-04 09:19:59,RT A quick attempt to map a route to the 2019 playoffs for Given their current form and remaining fixtureâ€¦,[]
2019-01-04 09:11:28,https://t.co/zTGTIg7WR9,[]
2019-01-04 09:11:14,RT Off to blast a few holes with but not before a spot of prep ahead of tomorrowâ€™s,[]
2019-01-04 09:06:45,Awww nice one buddy!! ğŸ˜ğŸ‘,['Awww']
2019-01-04 09:02:55,https://t.co/IwVnK4TDq4,[]
2019-01-04 09:02:42,RT,[]
2019-01-04 09:01:53,RT Can anyone help with the best bits of history? Happiness is Egg Shaped,['Egg Shaped']
2019-01-04 09:01:43,https://t.co/FCi0QcXxEn,[]
2019-01-04 09:01:37,https://t.co/ODwa07ULx7,[]
2019-01-04 08:57:04,Can anyone help with the best bits of history? Happiness is Egg Shaped https://t.co/WOaBtwc30c,['Egg Shaped']
2019-01-04 08:55:53,Off to blast a few holes with but not before a spot of prep ahead of tomorrowâ€™sâ€¦ https://t.co/7EEM0V7Uf0,[]
2019-01-04 08:49:53,RT Over the moon to have signed a new deal here at . We keep growing and building as a squad and I'm excited to câ€¦,[]
2019-01-04 08:48:38,"RT Cockerill culture is helping grow depth, says Pierre Schoeman - Rad: - httpsâ€¦",['Pierre Schoeman']
2019-01-04 08:46:22,I have just one question: How long until he is Scottish quaâ€¦ https://t.co/Bnc0N3a0kN,['Scottish']
2019-01-04 08:39:09,RT Over the moon to have signed a new deal here at . We keep growing and building as a squad and I'm excited to câ€¦,[]
2019-01-04 08:36:53,RT Over the moon to have signed a new deal here at . We keep growing and building as a squad and I'm excited to câ€¦,[]
2019-01-04 08:28:31,RT Over the moon to have signed a new deal here at . We keep growing and building as a squad and I'm excited to câ€¦,[]
2019-01-04 08:20:03,Congrats mate!,[]
2019-01-04 08:16:21,RT Over the moon to have signed a new deal here at . We keep growing and building as a squad and I'm excited to câ€¦,[]
2019-01-04 08:14:44,Over the moon to have signed a new deal here at . We keep growing and building as a squad and I'm eâ€¦ https://t.co/KgUdaGvLFZ,[]
2019-01-04 07:51:28,RT Up early to give the wee man his breakfast ğŸ¼and he isn't having any of it. Can't take his eyes of the râ€¦,[]
2019-01-04 07:49:00,Up early to give the wee man his breakfast ğŸ¼and he isn't having any of it. Can't take his eyes of theâ€¦ https://t.co/Sox2A2TYj8,[]
2019-01-04 07:40:43,RT A quick attempt to map a route to the 2019 playoffs for Given their current form and remaining fixtureâ€¦,[]
2019-01-04 06:48:03,RT REACTION ğŸ’¬ | Murray McCallum commits to a further two years in the capital. Full story ğŸ‘‰ https://t.co/jgqgAxmDPj,['Murray McCallum']
2019-01-04 05:59:49,"RT Cockerill culture is helping grow depth, says Pierre Schoeman - Rad: - httpsâ€¦",['Pierre Schoeman']
2019-01-04 03:23:17,RT The most disciplined team in European domestic rugby is - they are conceding penalties at a rate of only 7.4â€¦,['European']
2019-01-04 03:03:09,The most disciplined team in European domestic rugby is - they are conceding penalties at a rate ofâ€¦ https://t.co/tnTpHNdBrJ,['European']
